key,doi,title,year,journal,primary_pillar,best_method,confidence,all_pillars,methods_present,cited_by_reviews,rule_hits
10.1126/science.abn2100,10.1126/science.abn2100,Scaffolding protein functional sites using deep learning,2022.0,Science,Discovery & Sourcing of Biocatalysts,paper_only,1.0,Discovery & Sourcing of Biocatalysts,paper_only,20_Buller_2023_Science,P1:\bmetagenome[- ]assembled genomes?\b|\bMAGs?\b|\bbinn?ing\b|\bcontigs?\b|\bscaffolds?\b|\bassembly\b
database resources of the national center for biotechnology information r agarwala nucleic acids res 44 2016,,Database resources of the National Center for Biotechnology Information,2016.0,Nucleic Acids Res,Discovery & Sourcing of Biocatalysts,section_only,1.0,Discovery & Sourcing of Biocatalysts,section_only,03_Bell_2021_NatRevMethodsPrimers,
10.1146/annurev-biochem-060815-014628,10.1146/annurev-biochem-060815-014628,Engineering and In Vivo Applications of Riboswitches,2017.0,Annual Review of Biochemistry,Discovery & Sourcing of Biocatalysts,paper_only,1.0,Discovery & Sourcing of Biocatalysts,paper_only,10_Yi_2021_ChemSocRev,P1:\bmetagenome[- ]assembled genomes?\b|\bMAGs?\b|\bbinn?ing\b|\bcontigs?\b|\bscaffolds?\b|\bassembly\b
10.1186/s13059-022-02652-8,10.1186/s13059-022-02652-8,SHOOT: phylogenetic gene search and ortholog inference,2022.0,Genome Biology,Discovery & Sourcing of Biocatalysts,paper_only,1.0,Discovery & Sourcing of Biocatalysts,paper_only,20_Buller_2023_Science,P1:\bdegenerate primer\w*\b|\bPCR[- ]?based screen\w*\b|\benrichment culture\w*\b|\bBLAST\b|\bPSI[- ]?BLAST\b|\bHHPred\b
a metagenomics approach for new biocatalyst discovery: application to transaminases and the synthesis of allylic amines d baud j w e jeffries t s moody j m ward h c hailes green. chem 19 2017,,A metagenomics approach for new biocatalyst discovery: application to transaminases and the synthesis of allylic amines,2017.0,Green. Chem,Discovery & Sourcing of Biocatalysts,consensus,1.0,Discovery & Sourcing of Biocatalysts,consensus,03_Bell_2021_NatRevMethodsPrimers,P1:\bgenome mining\b|\bmetagenom\w*\b|\bbioprospect\w*\b|\bbiopanning\b
an unusual flavin-dependent halogenase from the metagenome of the marine sponge theonella swinhoei wa d r m smith acs chem. biol 12 2017,,An unusual flavin-dependent halogenase from the metagenome of the marine sponge Theonella swinhoei WA,2017.0,ACS Chem. Biol,Discovery & Sourcing of Biocatalysts,section_only,1.0,Discovery & Sourcing of Biocatalysts,section_only,03_Bell_2021_NatRevMethodsPrimers,P1:\bgenome mining\b|\bmetagenom\w*\b|\bbioprospect\w*\b|\bbiopanning\b; P6:\bcofactors?\b|\bNADP?\+?\b|\bNADH\b|\bNADPH\b|\bflavins?\b|\bFAD\b|\bFMN\b|\bPLP\b; P9:\bBVMO\b|\bmonooxygenase\b|\bperoxygenase\b|\bP450\b|\bhalogenase\b|\bflavin[- ]dependent\b
computer ssoftware review: reaxys reaxys j goodman ny 10010-1710. www.info. reaxys.com j. chem. inf. model 49 2009 elsevier properties sa 360 park avenue south new york,,Computer sSoftware review: Reaxys Reaxys,2009.0,J. Chem. Inf. Model,Discovery & Sourcing of Biocatalysts,section_only,1.0,Discovery & Sourcing of Biocatalysts,section_only,03_Bell_2021_NatRevMethodsPrimers,
computing platforms for big biological data analytics: perspectives and challenges z yin comput. struct. biotechnol. j 15 2017,,Computing platforms for big biological data analytics: perspectives and challenges,2017.0,Comput. Struct. Biotechnol. J,Discovery & Sourcing of Biocatalysts,section_only,1.0,Discovery & Sourcing of Biocatalysts,section_only,03_Bell_2021_NatRevMethodsPrimers,
diversity-oriented enzymatic modular assembly of abo histo-blood group antigens j ye x.-w liu p peng w yi x chen f wang h cao acs catal 6 2016,,Diversity-Oriented Enzymatic Modular Assembly of ABO Histo-blood Group Antigens,2016.0,ACS Catal,Discovery & Sourcing of Biocatalysts,paper_only,1.0,Discovery & Sourcing of Biocatalysts,paper_only,17_Schrittwieser_2018_ChemRev,P1:\bmetagenome[- ]assembled genomes?\b|\bMAGs?\b|\bbinn?ing\b|\bcontigs?\b|\bscaffolds?\b|\bassembly\b
10.1002/cbic.201600462,10.1002/cbic.201600462,BioCatNet: A Database System for the Integration of Enzyme Sequences and Biocatalytic Experiments,2016.0,ChemBioChem,Discovery & Sourcing of Biocatalysts,section_only,1.0,Discovery & Sourcing of Biocatalysts,section_only,03_Bell_2021_NatRevMethodsPrimers,
functional optimization of gene clusters by combinatorial design and assembly m j smanski s bhatia d zhao y park l b woodruff g giannoukos d ciulla m busby j calderon r nicol nat biotechnol 32 2014,,Functional optimization of gene clusters by combinatorial design and assembly,2014.0,Nat Biotechnol,Discovery & Sourcing of Biocatalysts,paper_priority,1.0,Discovery & Sourcing of Biocatalysts,paper_priority,19_Lin_2017_MicrobCellFact,P1:\bmetagenome[- ]assembled genomes?\b|\bMAGs?\b|\bbinn?ing\b|\bcontigs?\b|\bscaffolds?\b|\bassembly\b
l jeske s placzek i schomburg a chang d schomburg brenda european elixir core data resource 2019. 2019 47,,European ELIXIR core data resource,2019.0,European ELIXIR core data resource,Discovery & Sourcing of Biocatalysts,section_only,1.0,Discovery & Sourcing of Biocatalysts,section_only,03_Bell_2021_NatRevMethodsPrimers,
s charnock a m bernardini e monza m f lucas p w sutton p w applied biocatalysis j whittall sutton wiley 2020,,Applied Biocatalysis,2020.0,Applied Biocatalysis,Discovery & Sourcing of Biocatalysts,section_only,1.0,Discovery & Sourcing of Biocatalysts,section_only,03_Bell_2021_NatRevMethodsPrimers,
selection and evolution of enzymes from a partially randomized non-catalytic scaffold b seelig j w szostak nature 448 2007,,Selection and evolution of enzymes from a partially randomized non-catalytic scaffold,2007.0,Nature,Discovery & Sourcing of Biocatalysts,paper_only,1.0,Discovery & Sourcing of Biocatalysts,paper_only,01_Bornscheuer_2012_Nature,P1:\bmetagenome[- ]assembled genomes?\b|\bMAGs?\b|\bbinn?ing\b|\bcontigs?\b|\bscaffolds?\b|\bassembly\b
synthetic protein scaffolds provide modular control over metabolic flux j e dueber nature biotechnol 27 2009,,Synthetic protein scaffolds provide modular control over metabolic flux,2009.0,Nature Biotechnol,Discovery & Sourcing of Biocatalysts,paper_priority,1.0,Discovery & Sourcing of Biocatalysts,paper_priority,01_Bornscheuer_2012_Nature,P1:\bmetagenome[- ]assembled genomes?\b|\bMAGs?\b|\bbinn?ing\b|\bcontigs?\b|\bscaffolds?\b|\bassembly\b
the natural products atlas: an open access knowledge base for microbial natural products discovery j a van santen acs cent. sci 5 2019,,The natural products atlas: an open access knowledge base for microbial natural products discovery,2019.0,ACS Cent. Sci,Discovery & Sourcing of Biocatalysts,section_only,1.0,Discovery & Sourcing of Biocatalysts,section_only,03_Bell_2021_NatRevMethodsPrimers,
10.1126/science.ade2574,10.1126/science.ade2574,Evolutionary-scale prediction of atomic-level protein structure with a language model,2023.0,Science,Discovery & Sourcing of Biocatalysts,paper_only,1.0,Discovery & Sourcing of Biocatalysts,paper_only,20_Buller_2023_Science,P1:\bgenome mining\b|\bmetagenom\w*\b|\bbioprospect\w*\b|\bbiopanning\b
this article identifies a two-enzyme system from a large gut microbiome library that enables generation of universal o-type blood from a-type donors p rahfeld nat. microbiol 4 2019 an enzymatic pathway in the human gut microbiome that converts a to universal o type blood,,This article identifies a two-enzyme system from a large gut microbiome library that enables generation of universal O-type blood from A-type donors,2019.0,Nat. Microbiol,Discovery & Sourcing of Biocatalysts,section_only,1.0,Discovery & Sourcing of Biocatalysts,section_only,03_Bell_2021_NatRevMethodsPrimers,
10.1110/ps.062353106,10.1110/ps.062353106,New algorithms and an in silico benchmark for computational enzyme design,2006.0,Protein Science,Discovery & Sourcing of Biocatalysts,paper_only,1.0,Discovery & Sourcing of Biocatalysts,paper_only,20_Buller_2023_Science,P1:\bmetagenome[- ]assembled genomes?\b|\bMAGs?\b|\bbinn?ing\b|\bcontigs?\b|\bscaffolds?\b|\bassembly\b
10.1093/nar/gkw1099,10.1093/nar/gkw1099,UniProt: the universal protein knowledgebase,2017.0,Nucleic Acids Research,Discovery & Sourcing of Biocatalysts,consensus,1.0,Discovery & Sourcing of Biocatalysts,consensus,03_Bell_2021_NatRevMethodsPrimers;20_Buller_2023_Science,P1:\bUniProt\b|\bInterPro\b|\bEggNOG\b|\bKEGG\b|\bIMG/M\b|\bNCBI nr\b
b van loo m heberlein p mair a zinchenko j schuurmann b d g eenink j m holstein c dilkaute j jose f hollfelder e bornberg-bauer acs synth. biol 8 2019,,ACS Synth. Biol,2019.0,ACS Synth. Biol,Design & Engineering,section_only,1.0,Design & Engineering,section_only,10_Yi_2021_ChemSocRev,
improved thermostability of aeh by combining b-fit analysis and structure-guided consensus method j k blum m d ricketts a s bommarius j. biotechnol 160 2012,,Improved thermostability of AEH by combining B-FIT analysis and structure-guided consensus method,2012.0,J. Biotechnol,Design & Engineering,paper_only,1.0,Design & Engineering,paper_only,09_Bommarius_2015_AnnuRevChemBiomolEng,P2:\bconsensus\b|\bancestral\b|\bDNA shuffling\b|\bSCHEMA\b|\bProSAR\b|\bdeep mutational scanning\b|\bDMS\b
enhancing protein stability with genetically encoded noncanonical amino acids j c li t liu y wang a p mehta p g schultz j. am. chem. soc 140 2018,,Enhancing protein stability with genetically encoded noncanonical amino acids,2018.0,J. Am. Chem. Soc,Design & Engineering,section_only,1.0,Design & Engineering,section_only,03_Bell_2021_NatRevMethodsPrimers,
enhancing and reversing the stereoselectivity of escherichia coli transketolase via single-point mutations m e b smith e g hibbert a b jones p a dalby h c hailes adv. synth. catal 350 2008,,Enhancing and reversing the stereoselectivity of Escherichia coli transketolase via single-point mutations,2008.0,Adv. Synth. Catal,Design & Engineering,section_priority,1.0,Design & Engineering,section_priority,07_Turner_2009_NatChemBiol,P9:\baldolase\b|\bDERA\b|\bFSA\b|\bHNL\b|\bThDP\b|\btransketolase\b|\bTK\b|\bPAL\b|\baldoxime dehydratase\b|\bCAR\b
engineering enzymes by intelligent design r j kazlauskas s lutz curr. opin. chem. biol 13 2009,,Engineering enzymes by intelligent design,2009.0,Curr. Opin. Chem. Biol,Design & Engineering,section_only,1.0,Design & Engineering,section_only,07_Turner_2009_NatChemBiol,
enantioselective oxidation of o-methyl-n-hydroxylamines using mao-n as catalyst t s c eve a s wells n j turner chem. commun. (camb.) 2007,,Enantioselective oxidation of O-methyl-N-hydroxylamines using MAO-N as catalyst,2007.0,Chem. Commun. (Camb.),Design & Engineering,section_priority,1.0,Design & Engineering,section_priority,07_Turner_2009_NatChemBiol,P9:\btransaminase\b|\baminotransferase\b|\bω-?TA\b|\bIRED\b|\bRedAm\b|\bAmDH\b|\bMAO\b|\bmonoamine oxidase\b
enantioselective enzymes by computational design and in silico screening h j wijma angew. chem 127 2015,,Enantioselective enzymes by computational design and in silico screening,2015.0,Angew. Chem,Design & Engineering,consensus,1.0,Design & Engineering,consensus,03_Bell_2021_NatRevMethodsPrimers,P2:\bcomputational design\b|\bhotspots?\b|\btransition state (model(ing)?|analogue)\b|\bcodon (optimi[sz]ation|harmoni[sz]ation)\b
enantioselective alpha-hydroxylation of 2-arylacetic acid derivatives and buspirone catalyzed by engineered cytochrome p450 bm-3 m landwehr j. am. chem. soc 128 2006,,Enantioselective alpha-hydroxylation of 2-arylacetic acid derivatives and buspirone catalyzed by engineered cytochrome P450 BM-3,2006.0,J. Am. Chem. Soc,Design & Engineering,section_only,1.0,Design & Engineering,section_only,07_Turner_2009_NatChemBiol,P9:\bBVMO\b|\bmonooxygenase\b|\bperoxygenase\b|\bP450\b|\bhalogenase\b|\bflavin[- ]dependent\b
emergent mechanistic diversity of enzyme-catalysed -diketone cleavage g grogan biochem. j 388 2005,,Emergent mechanistic diversity of enzyme-catalysed -diketone cleavage,2005.0,Biochem. J,Design & Engineering,section_only,1.0,Design & Engineering,section_only,07_Turner_2009_NatChemBiol,
efficient screening of fungal cellobiohydrolase class i enzymes for thermostabilizing sequence blocks by schema structure-guided recombination p heinzelman r komor a kanaan p romero x l yu protein eng. des. select 23 2010,,Efficient screening of fungal cellobiohydrolase class I enzymes for thermostabilizing sequence blocks by SCHEMA structure-guided recombination,2010.0,Protein Eng. Des. Select,Design & Engineering,consensus,1.0,Design & Engineering,consensus,09_Bommarius_2015_AnnuRevChemBiomolEng,P2:\bconsensus\b|\bancestral\b|\bDNA shuffling\b|\bSCHEMA\b|\bProSAR\b|\bdeep mutational scanning\b|\bDMS\b
efficient lewis acid catalysis of an abiological reaction in a de novo protein scaffold s basler nat. chem 13 2021,,Efficient Lewis acid catalysis of an abiological reaction in a de novo protein scaffold,2021.0,Nat. Chem,Design & Engineering,section_priority,1.0,Design & Engineering,section_priority,03_Bell_2021_NatRevMethodsPrimers,P1:\bmetagenome[- ]assembled genomes?\b|\bMAGs?\b|\bbinn?ing\b|\bcontigs?\b|\bscaffolds?\b|\bassembly\b
e e kempa c a smith x li b bellina k richardson s pringle j l galman n j turner p e barran anal. chem 92 2020,,Anal. Chem,2020.0,Anal. Chem,Design & Engineering,section_only,1.0,Design & Engineering,section_only,10_Yi_2021_ChemSocRev,
e brouzes m medkova n savenelli d marran m twardowski j b hutchison j m rothberg r link n perrimon m l samuels proc. natl. acad. sci. u. s. a 106 2009,,Proc. Natl. Acad. Sci. U. S. A,2009.0,Proc. Natl. Acad. Sci. U. S. A,Design & Engineering,section_only,1.0,Design & Engineering,section_only,10_Yi_2021_ChemSocRev,
"directed evolution of three biocatalysts to produce the key chiral building block for atorvastatin, the active ingredient in lipitor j grate 2006 united states environmental protection agency <http",,"Directed evolution of three biocatalysts to produce the key chiral building block for atorvastatin, the active ingredient in Lipitor",2006.0,"Directed evolution of three biocatalysts to produce the key chiral building block for atorvastatin, the active ingredient in Lipitor",Design & Engineering,consensus,1.0,Design & Engineering,consensus,07_Turner_2009_NatChemBiol,P2:\bdirected evolution\b|\berror[- ]?prone PCR\b|\bcontinuous evolution\b|\b(PACE|OrthoRep)\b
directed evolution of metabolic pathways r chatterjee l yuan trends biotechnol 24 2006,,Directed evolution of metabolic pathways,2006.0,Trends Biotechnol,Design & Engineering,consensus,1.0,Design & Engineering,consensus,07_Turner_2009_NatChemBiol,P2:\bdirected evolution\b|\berror[- ]?prone PCR\b|\bcontinuous evolution\b|\b(PACE|OrthoRep)\b
directed evolution of metabolic pathways in microbial populations. i. modification of the acid phosphatase ph optimum in s. cerevisiae j c francis p e hansche genetics 70 1972,,Directed evolution of metabolic pathways in microbial populations. I. Modification of the acid phosphatase pH optimum in S. cerevisiae,1972.0,Genetics,Design & Engineering,paper_priority,1.0,Design & Engineering,paper_priority,01_Bornscheuer_2012_Nature,P2:\bdirected evolution\b|\berror[- ]?prone PCR\b|\bcontinuous evolution\b|\b(PACE|OrthoRep)\b
directed evolution of hybrid enzymes: evolving enantioselectivity of an achiral rh-complex anchored to a protein m t reetz j j peyralans .-p maichele a fu y maywald m chem. commun. (camb.) 4318 4320 2006,,Directed evolution of hybrid enzymes: evolving enantioselectivity of an achiral Rh-complex anchored to a protein,2006.0,Chem. Commun. (Camb.),Design & Engineering,consensus,1.0,Design & Engineering,consensus,07_Turner_2009_NatChemBiol,P2:\bdirected evolution\b|\berror[- ]?prone PCR\b|\bcontinuous evolution\b|\b(PACE|OrthoRep)\b
directed evolution of galactose oxidase: generation of enantioselective secondary alcohol oxidases f escalettes n j turner chembiochem 9 2008,,Directed evolution of galactose oxidase: generation of enantioselective secondary alcohol oxidases,2008.0,ChemBioChem,Design & Engineering,consensus,1.0,Design & Engineering,consensus,07_Turner_2009_NatChemBiol,P2:\bdirected evolution\b|\berror[- ]?prone PCR\b|\bcontinuous evolution\b|\b(PACE|OrthoRep)\b
directed evolution of enantioselective enzymes: iterative cycles of casting for probing protein-sequence space m t reetz l.-w wang m bocola angew. chem. int. ed 45 2006,,Directed evolution of enantioselective enzymes: iterative cycles of CASTing for probing protein-sequence space,2006.0,Angew. Chem. Int. Ed,Design & Engineering,consensus,1.0,Design & Engineering,consensus,07_Turner_2009_NatChemBiol,P2:\bdirected evolution\b|\berror[- ]?prone PCR\b|\bcontinuous evolution\b|\b(PACE|OrthoRep)\b
enzyme promiscuity: mechanism and applications k hult p berglund trends biotechnol 25 2007,,Enzyme promiscuity: mechanism and applications,2007.0,Trends Biotechnol,Design & Engineering,section_only,1.0,Design & Engineering,section_only,07_Turner_2009_NatChemBiol,
10.1002/(sici)1097-0290(19961020)52:2<301::aid-bit10>3.0.co;2-m,10.1002/(sici)1097-0290(19961020)52:2<301::aid-bit10>3.0.co;2-m,Biosynthesis of synthons in two-liquid-phase media,1996.0,Biotechnology and Bioengineering,Biocatalyst Formats & Cellular Context,section_priority,1.0,Biocatalyst Formats & Cellular Context,section_priority,08_Schmid_2001_Nature,P4:\btwo[- ]liquid[- ]phase\b|\bbiphasic\b|\bmicro[- ]aqueous\b|\bpartition(ing)?\b; P7:\b(retro)?biosynthesis\b|\bCASP\b|\bpathway design\b|\broute scouting\b
dsm gets the biocatalysis bug q b broxterman w h j boesten h e schoemaker b schulze spec. chem 17 1997,,DSM gets the biocatalysis bug,1997.0,Spec. Chem,Biocatalyst Formats & Cellular Context,section_only,1.0,Biocatalyst Formats & Cellular Context,section_only,08_Schmid_2001_Nature,
dynamic metabolic engineering: new strategies for developing responsive cell factories i m brockman k l prather biotechnol j 10 2015,,Dynamic metabolic engineering: new strategies for developing responsive cell factories,2015.0,Biotechnol J,Biocatalyst Formats & Cellular Context,section_only,1.0,Biocatalyst Formats & Cellular Context,section_only,19_Lin_2017_MicrobCellFact,
e m m abdelraheem h busch u hanefeld f tonin react. chem. eng 4 2019,,React. Chem. Eng,2019.0,React. Chem. Eng,Biocatalyst Formats & Cellular Context,section_only,1.0,Biocatalyst Formats & Cellular Context,section_only,11_Hanefeld_2022_ChemSocRev,
"e romero b s jones b n hogg a rue ´casamajo m a hayes s l flitsch n j turner c schnepel angew. chem., int. ed 60 2021",,"Angew. Chem., Int. Ed",2021.0,"Angew. Chem., Int. Ed",Biocatalyst Formats & Cellular Context,section_only,1.0,Biocatalyst Formats & Cellular Context,section_only,11_Hanefeld_2022_ChemSocRev,
efficient production of optically active styrene epoxides in two-liquid phase cultures m g wubbolts j hoven b melgert b witholt enzyme microb. technol 16 1994,,Efficient production of optically active styrene epoxides in two-liquid phase cultures,1994.0,Enzyme Microb. Technol,Biocatalyst Formats & Cellular Context,section_priority,1.0,Biocatalyst Formats & Cellular Context,section_priority,08_Schmid_2001_Nature,P4:\btwo[- ]liquid[- ]phase\b|\bbiphasic\b|\bmicro[- ]aqueous\b|\bpartition(ing)?\b
engineering static and dynamic control of synthetic pathways w j holtz j d keasling cell 140 2010,,Engineering static and dynamic control of synthetic pathways,2010.0,Cell,Biocatalyst Formats & Cellular Context,consensus,1.0,Biocatalyst Formats & Cellular Context,consensus,19_Lin_2017_MicrobCellFact,P3:\b(cofactor|NAD(P)?H) (pool|balance)\b|\bredox balance\b|\bdynamic (control|switch)\b|\bmetabolic burden\b
enhanced production of n-acetyl-d-neuraminic acid by multi-approach whole-cell biocatalyst b-x lin z-j zhang w-f liu z-y dong y tao appl microbiol biotechnol 97 2013,,Enhanced production of N-acetyl-d-neuraminic acid by multi-approach whole-cell biocatalyst,2013.0,Appl Microbiol Biotechnol,Biocatalyst Formats & Cellular Context,paper_priority,1.0,Biocatalyst Formats & Cellular Context,paper_priority,19_Lin_2017_MicrobCellFact,P3:\bwhole[- ]cell(s)?\b|\bresting cell(s)?\b|\bpermeabilis
enzymatic aerobic alkene cleavage catalyzed by a mn 3+ -dependent proteinase a homologue a rajagopalan m schober a emmerstorfer l hammerer a migglautsch chembiochem 14 2013,,Enzymatic aerobic alkene cleavage catalyzed by a Mn 3+ -dependent proteinase A homologue,2013.0,ChemBioChem,Biocatalyst Formats & Cellular Context,section_only,1.0,Biocatalyst Formats & Cellular Context,section_only,09_Bommarius_2015_AnnuRevChemBiomolEng,
enzyme cascade reactions: synthesis of furandicarboxylic acid (fdca) and carboxylic acids using oxidases in tandem s m mckenna s leimkuhler s herter n j turner a j carnell green chem 17 2015,,Enzyme Cascade Reactions: Synthesis of Furandicarboxylic Acid (FDCA) and Carboxylic Acids Using Oxidases in Tandem,2015.0,Green Chem,Biocatalyst Formats & Cellular Context,section_priority,1.0,Biocatalyst Formats & Cellular Context,section_priority,17_Schrittwieser_2018_ChemRev,P7:\b(cascade|multi[- ]enzym\w*)\b|\btelescop(ed|ing)\b; P7:\bone[- ]pot\b|\btandem\b|\bchemo[- ]?enzymatic\b|\bchemoenzymatic\b
enzymes in organic-synthesis 0.32. stereospecific horse liver alcohol dehydrogenase-catalyzed oxidations of exo-oxabicyclin and endo-oxabicyclic meso diols j b jones c j francis can. j. chem 62 1984,,Enzymes in Organic-Synthesis 0.32. Stereospecific Horse Liver Alcohol Dehydrogenase-Catalyzed Oxidations of Exo-Oxabicyclin and Endo-Oxabicyclic Meso Diols,1984.0,Can. J. Chem,Biocatalyst Formats & Cellular Context,section_only,1.0,Biocatalyst Formats & Cellular Context,section_only,17_Schrittwieser_2018_ChemRev,
enzymic division of dl-phenylglycinamide into its optically active antipodes (german patent no w h boesten de 2526594. 1976,,Enzymic Division of DL-phenylglycinamide into its optically active antipodes (German patent no,1976.0,DE,Biocatalyst Formats & Cellular Context,section_only,1.0,Biocatalyst Formats & Cellular Context,section_only,08_Schmid_2001_Nature,
experimental determination of thermodynamic equilibrium in biocatalytic transamination p tufvesson j s jensen w kroutil j m woodley biotechnol. bioeng 109 2012,,Experimental Determination of Thermodynamic Equilibrium in Biocatalytic Transamination,2012.0,Biotechnol. Bioeng,Biocatalyst Formats & Cellular Context,section_only,1.0,Biocatalyst Formats & Cellular Context,section_only,17_Schrittwieser_2018_ChemRev,
exploring the potential of cell-free protein synthesis for extending the abilities of biological systems k khambhati front. bioeng. biotechnol 7 248 2019,,Exploring the potential of cell-free protein synthesis for extending the abilities of biological systems,2019.0,Front. Bioeng. Biotechnol,Biocatalyst Formats & Cellular Context,consensus,1.0,Biocatalyst Formats & Cellular Context,consensus,03_Bell_2021_NatRevMethodsPrimers,P3:\bcell[- ]free\b|\blysate\b|\bCFE\b|\bsurface display\b|\bdisplay on (cells?|yeast|phage)\b
f wo j liebig ann. pharm 1837,,Ann. Pharm,,Ann. Pharm,Biocatalyst Formats & Cellular Context,section_only,1.0,Biocatalyst Formats & Cellular Context,section_only,11_Hanefeld_2022_ChemSocRev,
"formal asymmetric biocatalytic reductive amination d koszelewski i lavandera d clay g m guebitz d rozzell w kroutil angew. chem., int. ed 47 2008",,Formal Asymmetric Biocatalytic Reductive Amination,2008.0,"Angew. Chem., Int. Ed",Biocatalyst Formats & Cellular Context,section_only,1.0,Biocatalyst Formats & Cellular Context,section_only,17_Schrittwieser_2018_ChemRev,
green chemistry: theory and practice p anastas j warner oxford univ. press 1998,,Green Chemistry: Theory and Practice,1998.0,Green Chemistry: Theory and Practice,Biocatalyst Formats & Cellular Context,section_priority,1.0,Biocatalyst Formats & Cellular Context,section_priority,01_Bornscheuer_2012_Nature,P10:\bPMI\b|\bprocess mass intensity\b|\bE[- ]?factor\b|\batom economy\b|\bgreen (chemistry|metrics)\b
dynamic knockdown of e. coli central metabolism for redirecting fluxes of primary metabolites i m brockman k l prather metab eng 28 2015,,Dynamic knockdown of E. coli central metabolism for redirecting fluxes of primary metabolites,2015.0,Metab Eng,Biocatalyst Formats & Cellular Context,section_only,1.0,Biocatalyst Formats & Cellular Context,section_only,19_Lin_2017_MicrobCellFact,
developments toward large scale bacterial bioprocesses in the presence of bulk amounts of organic solvents a schmid a kollmer r g mathys b witholt extremophiles 2 1998,,Developments toward large scale bacterial bioprocesses in the presence of bulk amounts of organic solvents,1998.0,Extremophiles,Biocatalyst Formats & Cellular Context,section_priority,1.0,Biocatalyst Formats & Cellular Context,section_priority,08_Schmid_2001_Nature,P4:\borganic solvent(s)?\b|\bsolvent[- ]toleran\w*|\bcosolvents?\b|\blog ?P\b
identification and use of an alkane transporter plug-in for applications in biocatalysis and whole-cell biosensing of alkanes c grant d deszcz y-c wei martínez- torres r j morris p folliard t sreenivasan r ward j dalby p woodley j m sci rep 4 5844 2014,,Identification and use of an alkane transporter plug-in for applications in biocatalysis and whole-cell biosensing of alkanes,2014.0,Sci Rep,Biocatalyst Formats & Cellular Context,consensus,1.0,Biocatalyst Formats & Cellular Context,consensus,19_Lin_2017_MicrobCellFact,P3:\bwhole[- ]cell(s)?\b|\bresting cell(s)?\b|\bpermeabilis
-hydroxyethyl) ammonium lactates-highly biodegradable and essentially non-toxic ionic liquids s pavlovica a zicmanis e gzibovska m klavins p mekss 2011 green sustainable chem 1,,-Hydroxyethyl) ammonium lactates-Highly biodegradable and essentially non-toxic ionic liquids,2011.0,-Hydroxyethyl) ammonium lactates-Highly biodegradable and essentially non-toxic ionic liquids,Media & Microenvironment,paper_only,1.0,Media & Microenvironment,paper_only,02_Sheldon_2018_ChemRev,P4:\bionic liquids?\b|\bILs?\b|\bdeep eutectic\b|\bDES\b|\bsupercritical CO2\b|\bscCO2\b
biocatalytic solvent-free polymerization to produce high molecular weight polyesters a chaudhary j lopez e j beckman a j russell biotechnol. prog 13 1997,,Biocatalytic solvent-free polymerization to produce high molecular weight polyesters,1997.0,Biotechnol. Prog,Media & Microenvironment,section_only,1.0,Media & Microenvironment,section_only,08_Schmid_2001_Nature,
biodegradation studies of ionic liquids d coleman n gathergood chem. soc. rev 39 2010,,Biodegradation studies of ionic liquids,2010.0,Chem. Soc. Rev,Media & Microenvironment,paper_only,1.0,Media & Microenvironment,paper_only,02_Sheldon_2018_ChemRev,P4:\bionic liquids?\b|\bILs?\b|\bdeep eutectic\b|\bDES\b|\bsupercritical CO2\b|\bscCO2\b
"bioreduction of 3,5bis(trifluoromethyl)acetophenone using ionic liquid as a cosolvent catalyzed by recombinant escherichia coli cells n wang j li j sun j huang p wang biochem eng j 101 2015",,"Bioreduction of 3,5bis(trifluoromethyl)acetophenone using ionic liquid as a cosolvent catalyzed by recombinant Escherichia coli cells",2015.0,Biochem Eng J,Media & Microenvironment,consensus,1.0,Media & Microenvironment,consensus,18_Wachtmeister_2016_CurrOpinBiotechnol,P4:\borganic solvent(s)?\b|\bsolvent[- ]toleran\w*|\bcosolvents?\b|\blog ?P\b; P4:\bionic liquids?\b|\bILs?\b|\bdeep eutectic\b|\bDES\b|\bsupercritical CO2\b|\bscCO2\b
biotransformation with whole microbial systems in a continuous flow reactor: resolution of (rs)flurbiprofen using aspergillus oryzae by direct esterification with ethanol in organic solvent l tamborini d romano a pinto m contente m c iannuzzi p conti f molinari tetrahedron lett 54 2013,,Biotransformation with whole microbial systems in a continuous flow reactor: resolution of (RS)flurbiprofen using Aspergillus oryzae by direct esterification with ethanol in organic solvent,2013.0,Tetrahedron Lett,Media & Microenvironment,section_only,1.0,Media & Microenvironment,section_only,18_Wachtmeister_2016_CurrOpinBiotechnol,P4:\borganic solvent(s)?\b|\bsolvent[- ]toleran\w*|\bcosolvents?\b|\blog ?P\b; P8:\bflow\b|\bcontinuous\b|\bCSTR\b|\bPFR\b|\bplug[- ]flow\b|\bpacked[- ]bed\b|\bPBR\b|\bcolumn reactor\b
c r wescott a m klibanov j. am. chem. soc 115 1993. 1629 ± 1631,,J. Am. Chem. Soc,1993.0,J. Am. Chem. Soc,Media & Microenvironment,section_only,1.0,Media & Microenvironment,section_only,12_Carrea_2000_ACIE,
caprolactone synthesis through design of experiments and a biphasic system tetrahedron 72 2016,,Caprolactone Synthesis through Design of Experiments and a Biphasic System,2016.0,Tetrahedron,Media & Microenvironment,paper_only,1.0,Media & Microenvironment,paper_only,17_Schrittwieser_2018_ChemRev,P4:\btwo[- ]liquid[- ]phase\b|\bbiphasic\b|\bmicro[- ]aqueous\b|\bpartition(ing)?\b
cholinium-based deep eutectic solvents and ionic liquids for lipasecatalyzed synthesis of butyl acetate m cvjetko bubalo a j jurinjak tusěk m vinkovic k radosěvic v g gaurina srcék i r radojcíćredovnikovic j. mol. catal. b: enzym 122 2015,,Cholinium-based deep eutectic solvents and ionic liquids for lipasecatalyzed synthesis of butyl acetate,2015.0,J. Mol. Catal. B: Enzym,Media & Microenvironment,paper_only,1.0,Media & Microenvironment,paper_only,02_Sheldon_2018_ChemRev,P4:\bionic liquids?\b|\bILs?\b|\bdeep eutectic\b|\bDES\b|\bsupercritical CO2\b|\bscCO2\b
chymotrypsin-catalyzed peptide synthesis in deep eutectic solvents z maugeri w leitner p dominguez de maria eur. j. org. chem 2013. 2013,,Chymotrypsin-Catalyzed Peptide Synthesis in Deep Eutectic Solvents,2013.0,Eur. J. Org. Chem,Media & Microenvironment,paper_only,1.0,Media & Microenvironment,paper_only,02_Sheldon_2018_ChemRev,P4:\bionic liquids?\b|\bILs?\b|\bdeep eutectic\b|\bDES\b|\bsupercritical CO2\b|\bscCO2\b
chymotrypsin-catalyzed transesterification in ionic liquids and ionic liquid/supercritical carbon dioxide j a laszlo d l compton ionic liquids acs symposium series r d rogers k r seddon washington 2002 818 387,,Chymotrypsin-catalyzed transesterification in ionic liquids and ionic liquid/supercritical carbon dioxide,2002.0,Ionic Liquids,Media & Microenvironment,paper_only,1.0,Media & Microenvironment,paper_only,13_Sheldon_2007_ChemRev,P4:\bionic liquids?\b|\bILs?\b|\bdeep eutectic\b|\bDES\b|\bsupercritical CO2\b|\bscCO2\b
co-aggregation of penicillin g acylase and polyionic polymers: a simple methodology to prepare enzyme biocatalysts stable in organic media l wilson a illanes o abián bcc pessela j m guisan r fernandez-lafuente biomacromolecules 5 2004,,Co-aggregation of penicillin G acylase and polyionic polymers: a simple methodology to prepare enzyme biocatalysts stable in organic media,2004.0,Biomacromolecules,Media & Microenvironment,section_only,1.0,Media & Microenvironment,section_only,14_Mateo_2007_BiotechnolAdv,
d m mate m a palomino p molina-espeja j martin-diaz m alcalde protein eng. des. sel 30 2017,,Protein Eng. Des. Sel,2017.0,Protein Eng. Des. Sel,Media & Microenvironment,paper_only,1.0,Media & Microenvironment,paper_only,11_Hanefeld_2022_ChemSocRev,P4:\bionic liquids?\b|\bILs?\b|\bdeep eutectic\b|\bDES\b|\bsupercritical CO2\b|\bscCO2\b
deep eutectic solvents (dess) and their applications e l smith a p abbott k s ryder chem. rev 114 2014,,Deep Eutectic Solvents (DESs) and Their Applications,2014.0,Chem. Rev,Media & Microenvironment,paper_only,1.0,Media & Microenvironment,paper_only,02_Sheldon_2018_ChemRev,P4:\bionic liquids?\b|\bILs?\b|\bdeep eutectic\b|\bDES\b|\bsupercritical CO2\b|\bscCO2\b
deep eutectic solvents (dess) are viable cosolvents for enzyme-catalyzed epoxide hydrolysis d lindberg m de la fuente revenga m widersten j. biotechnol 147 2010,,Deep eutectic solvents (DESs) are viable cosolvents for enzyme-catalyzed epoxide hydrolysis,2010.0,J. Biotechnol,Media & Microenvironment,paper_only,1.0,Media & Microenvironment,paper_only,02_Sheldon_2018_ChemRev,P4:\borganic solvent(s)?\b|\bsolvent[- ]toleran\w*|\bcosolvents?\b|\blog ?P\b; P4:\bionic liquids?\b|\bILs?\b|\bdeep eutectic\b|\bDES\b|\bsupercritical CO2\b|\bscCO2\b
deep eutectic solvents as media for peroxidation reactions catalyzed by heme-dependent biocatalysts a a papadopoulou e efstathiadou m patila a c polydera h stamatis ind. eng. chem. res 55 2016,,Deep Eutectic Solvents as Media for Peroxidation Reactions Catalyzed by Heme-Dependent Biocatalysts,2016.0,Ind. Eng. Chem. Res,Media & Microenvironment,paper_only,1.0,Media & Microenvironment,paper_only,02_Sheldon_2018_ChemRev,P4:\bionic liquids?\b|\bILs?\b|\bdeep eutectic\b|\bDES\b|\bsupercritical CO2\b|\bscCO2\b
"deep eutectic solvents for organocatalysis, biotransformations, and multistep organocatalyst/enzyme combinations n guajardo c r muller r schrebler c carlesi p dominguez de maria chemcatchem 8 2016",,"Deep Eutectic Solvents for Organocatalysis, Biotransformations, and Multistep Organocatalyst/Enzyme Combinations",2016.0,ChemCatChem,Media & Microenvironment,paper_only,1.0,Media & Microenvironment,paper_only,02_Sheldon_2018_ChemRev,P4:\bionic liquids?\b|\bILs?\b|\bdeep eutectic\b|\bDES\b|\bsupercritical CO2\b|\bscCO2\b
"deep eutectic solvents: syntheses, properties and applications q zhang de oliveira k vigier s royer f jeŕome chem. soc. rev 41 2012",,"Deep eutectic solvents: syntheses, properties and applications",2012.0,Chem. Soc. Rev,Media & Microenvironment,paper_only,1.0,Media & Microenvironment,paper_only,02_Sheldon_2018_ChemRev,P4:\bionic liquids?\b|\bILs?\b|\bdeep eutectic\b|\bDES\b|\bsupercritical CO2\b|\bscCO2\b
deracemization by simultaneous bio-oxidative kinetic resolution and stereoinversion j h schrittwieser b groenendaal v resch d ghislieri s wallner angew. chem. int. ed 53 2014,,Deracemization by simultaneous bio-oxidative kinetic resolution and stereoinversion,2014.0,Angew. Chem. Int. Ed,Media & Microenvironment,section_only,1.0,Media & Microenvironment,section_only,09_Bommarius_2015_AnnuRevChemBiomolEng,
designing enzyme compatible ionic liquids that can dissolve carbohydrates h zhao g a baker z song o olubajo t crittle d peters green chem 10 2008,,Designing enzyme compatible ionic liquids that can dissolve carbohydrates,2008.0,Green Chem,Media & Microenvironment,paper_only,1.0,Media & Microenvironment,paper_only,02_Sheldon_2018_ChemRev,P4:\bionic liquids?\b|\bILs?\b|\bdeep eutectic\b|\bDES\b|\bsupercritical CO2\b|\bscCO2\b
directed evolution of biocatalysts f h arnold a a volkov curr. opin. chem. biol 3 1999,,Directed evolution of biocatalysts,1999.0,Curr. Opin. Chem. Biol,Media & Microenvironment,section_priority,1.0,Media & Microenvironment,section_priority,08_Schmid_2001_Nature,P2:\bdirected evolution\b|\berror[- ]?prone PCR\b|\bcontinuous evolution\b|\b(PACE|OrthoRep)\b
10.1002/(sici)1097-0290(19961020)52:2<290::aid-bit8>3.0.co;2-l,10.1002/(sici)1097-0290(19961020)52:2<290::aid-bit8>3.0.co;2-l,Chemical versus biochemical conversion: When and how to use biocatalysts,1996.0,Biotechnology and Bioengineering,Immobilization & Materials,section_only,1.0,Immobilization & Materials,section_only,08_Schmid_2001_Nature,
c gao z li l zhang c wang k li c ma p xu an artificial enzymatic reaction cascade for a cell-free bio-system based on glycerol. green chem 17 2015,,An Artificial Enzymatic Reaction Cascade for a Cell-Free Bio-System Based on Glycerol. Green Chem,2015.0,An Artificial Enzymatic Reaction Cascade for a Cell-Free Bio-System Based on Glycerol. Green Chem,Immobilization & Materials,section_priority,1.0,Immobilization & Materials,section_priority,17_Schrittwieser_2018_ChemRev,P3:\bcell[- ]free\b|\blysate\b|\bCFE\b|\bsurface display\b|\bdisplay on (cells?|yeast|phage)\b; P4:\bwater activity\b|\ba[_ ]?w\b|\bpH memory\b|\bosmolytes?\b|\bstabilizers?\b|\btrehalose\b|\bglycerol\b; P7:\b(cascade|multi[- ]enzym\w*)\b|\btelescop(ed|ing)\b
guidelines and cost analysis for catalyst production in biocatalytic processes p tufvesson j lima-ramos m nordblad j m woodley org process res dev 15 2011,,Guidelines and cost analysis for catalyst production in biocatalytic processes,2011.0,Org Process Res Dev,Immobilization & Materials,section_only,1.0,Immobilization & Materials,section_only,18_Wachtmeister_2016_CurrOpinBiotechnol,
"green chemistry: theory and practice p anastas j c warner report of the world commission on environment and development: our common future oxford, u.k.; oxford, u.k. oxford university press 1998. 19. 1987",,Green Chemistry: Theory and Practice,1987.0,Report of the World Commission on Environment and Development: Our Common Future,Immobilization & Materials,section_priority,1.0,Immobilization & Materials,section_priority,02_Sheldon_2018_ChemRev,P10:\bPMI\b|\bprocess mass intensity\b|\bE[- ]?factor\b|\batom economy\b|\bgreen (chemistry|metrics)\b
glyoxylic acid purification using immobilized glycolate oxidase and catalase j e seip s k faber d l gavagan r c anton bioorg med chem 2 1994,,Glyoxylic acid purification using immobilized glycolate oxidase and catalase,1994.0,Bioorg Med Chem,Immobilization & Materials,consensus,1.0,Immobilization & Materials,consensus,14_Mateo_2007_BiotechnolAdv,P5:\bimmobiliz\w*|\breus(e|ability)\b
glyoxyl-agarose: a fully inert hydrophilic support for immobilization and high stabilization of proteins c mateo j m palomo m fuentes l betancor v grazu f lópez-gallego enzyme microb technol 39 2006,,Glyoxyl-agarose: a fully inert hydrophilic support for immobilization and high stabilization of proteins,2006.0,Enzyme Microb Technol,Immobilization & Materials,consensus,1.0,Immobilization & Materials,consensus,14_Mateo_2007_BiotechnolAdv,P5:\bimmobiliz\w*|\breus(e|ability)\b; P5:\bcarrier\b|\bsupport\b|\bresin\b|\bbeads?\b|\bagarose\b|\bglyoxyl\b|\bepoxy\b|\bboronic\b|\baldehyde[- ]activated\b
glyoxyl agarose as a new chromatographic matrix v grazú l betancor t montes f lopez-gallego j m guisan r fernandez-lafuente enzyme microb technol 38 2006,,Glyoxyl agarose as a new chromatographic matrix,2006.0,Enzyme Microb Technol,Immobilization & Materials,consensus,1.0,Immobilization & Materials,consensus,14_Mateo_2007_BiotechnolAdv,P5:\bcarrier\b|\bsupport\b|\bresin\b|\bbeads?\b|\bagarose\b|\bglyoxyl\b|\bepoxy\b|\bboronic\b|\baldehyde[- ]activated\b
glutaraldehyde modification of lipases adsorbed on aminated supports: a simple way to improve their behaviour as enantioselective biocatalyst j m palomo r l segura g fernández-lorente j m guisán r fernandez-lafuente enzyme microb technol 40 2007,,Glutaraldehyde modification of lipases adsorbed on aminated supports: a simple way to improve their behaviour as enantioselective biocatalyst,2007.0,Enzyme Microb Technol,Immobilization & Materials,section_only,1.0,Immobilization & Materials,section_only,14_Mateo_2007_BiotechnolAdv,
galactose competitive inhibition of ␤-galactosidase (aspergillus oryzae) immobilized on chitosan and nylon supports m portaccio s stellato s rossi u bencivenga mohy eldin m s gaeta f s enzyme microb technol 23 1998,,Galactose competitive inhibition of ␤-galactosidase (Aspergillus oryzae) immobilized on chitosan and nylon supports,1998.0,Enzyme Microb Technol,Immobilization & Materials,consensus,1.0,Immobilization & Materials,consensus,14_Mateo_2007_BiotechnolAdv,P5:\bimmobiliz\w*|\breus(e|ability)\b
g f bickerstaff immobilization of enzymes and cells: methods in biotechnology totowa humana press 1997 1,,Immobilization of enzymes and cells: methods in biotechnology,1997.0,Immobilization of enzymes and cells: methods in biotechnology,Immobilization & Materials,paper_only,1.0,Immobilization & Materials,paper_only,14_Mateo_2007_BiotechnolAdv,P5:\bimmobiliz\w*|\breus(e|ability)\b
"fundamentals of green chemistry: efficiency in reaction design r a sheldon summary of the pollution prevention act 2012. accessed aug 9, 2017 41",,Fundamentals of Green Chemistry: Efficiency in Reaction Design,2012.0,Summary of the Pollution Prevention Act,Immobilization & Materials,section_priority,1.0,Immobilization & Materials,section_priority,02_Sheldon_2018_ChemRev,P10:\bPMI\b|\bprocess mass intensity\b|\bE[- ]?factor\b|\batom economy\b|\bgreen (chemistry|metrics)\b
from amino alcohol to aminopolyol: one-pot multienzyme oxidation and aldol addition m pesǐc c loṕez j loṕez-santín g appl. microbiol. biotechnol 97 2013,,From Amino Alcohol to Aminopolyol: One-Pot Multienzyme Oxidation and Aldol Addition,2013.0,Appl. Microbiol. Biotechnol,Immobilization & Materials,section_priority,1.0,Immobilization & Materials,section_priority,17_Schrittwieser_2018_ChemRev,P7:\bone[- ]pot\b|\btandem\b|\bchemo[- ]?enzymatic\b|\bchemoenzymatic\b
fernandez-lafuente r. modulation of the catalytic properties of multimeric enzymes by using different immobilization protocols. application to the synthesis of galacto-oligosaccharides catalyzed by beta-galactosidase from e. coli bcc pessela g dellamora-ortiz l betancor m fuentes j m guisan enzyme microb technol 40 2007,,Fernandez-lafuente R. Modulation of the catalytic properties of multimeric enzymes by using different immobilization protocols. Application to the synthesis of galacto-oligosaccharides catalyzed by beta-galactosidase from E. coli,2007.0,Enzyme Microb Technol,Immobilization & Materials,consensus,1.0,Immobilization & Materials,consensus,14_Mateo_2007_BiotechnolAdv,P5:\bimmobiliz\w*|\breus(e|ability)\b
"facilitated substrate channeling in a self-assembled trifunctional enzyme complex c you s myung y h p zhang angew. chem., int. ed 51 2012",,Facilitated Substrate Channeling in a Self-Assembled Trifunctional Enzyme Complex,2012.0,"Angew. Chem., Int. Ed",Immobilization & Materials,section_only,1.0,Immobilization & Materials,section_only,17_Schrittwieser_2018_ChemRev,
epibatidine: a novel (chloropyridyl) azabicycloheptane with potent analgesic activity from an ecuadoran poison frog t f spande j. am. chem. soc 114 1992,,Epibatidine: A novel (chloropyridyl) azabicycloheptane with potent analgesic activity from an Ecuadoran poison frog,1992.0,J. Am. Chem. Soc,Immobilization & Materials,section_only,1.0,Immobilization & Materials,section_only,08_Schmid_2001_Nature,
enzyme-magnetic nanoparticle hybrids: new effective catalysts for the production of high value chemicals h h p yiu m a keane j. chem. technol. biotechnol 87 2012,,Enzyme-magnetic nanoparticle hybrids: new effective catalysts for the production of high value chemicals,2012.0,J. Chem. Technol. Biotechnol,Immobilization & Materials,paper_only,1.0,Immobilization & Materials,paper_only,02_Sheldon_2018_ChemRev,P5:\bCLEA(s)?\b|\bCLEC(s)?\b|\bsol[- ]gel\b|\bhydrogel(s)?\b|\bmesoporous\b|\bEziG\b|\bMOF(s)?\b|\bmagnetic nanoparticles?\b
"enzyme-catalyzed synthesis of 1-deoxymannojirimycin, 1-deoxynojirimycin, and 1,4-dideoxy-1,4-imino-d-arabinitol t ziegler a straub f effenberger angew. chem., int. ed. engl 27 1988",,"Enzyme-Catalyzed Synthesis of 1-Deoxymannojirimycin, 1-Deoxynojirimycin, and 1,4-Dideoxy-1,4-imino-D-arabinitol",1988.0,"Angew. Chem., Int. Ed. Engl",Immobilization & Materials,section_only,1.0,Immobilization & Materials,section_only,17_Schrittwieser_2018_ChemRev,
enzyme stabilization-recent experimental progress c ó'fágáin enzyme microb technol 33 2003,,Enzyme stabilization-recent experimental progress,2003.0,Enzyme Microb Technol,Immobilization & Materials,section_only,1.0,Immobilization & Materials,section_only,14_Mateo_2007_BiotechnolAdv,
enzyme stabilization by immobilization a m klibanov anal biochem 93 1979,,Enzyme stabilization by immobilization,1979.0,Anal Biochem,Immobilization & Materials,consensus,1.0,Immobilization & Materials,consensus,14_Mateo_2007_BiotechnolAdv,P5:\bimmobiliz\w*|\breus(e|ability)\b
enzyme stabilization by glutaraldehyde crosslinking of adsorbed proteins on aminated supports f lópez-gallego l betancor c mateo a hidalgo n alonso-morales g dellamora-ortiz j biotechnol 119 2005,,Enzyme stabilization by glutaraldehyde crosslinking of adsorbed proteins on aminated supports,2005.0,J Biotechnol,Immobilization & Materials,section_only,1.0,Immobilization & Materials,section_only,14_Mateo_2007_BiotechnolAdv,
10.1002/9781118828083.ch25,10.1002/9781118828083.ch25,Hydroxynitrile Lyases for Biocatalytic Synthesis of Chiral Cyanohydrins,2016.0,Hydroxynitrile Lyases for Biocatalytic Synthesis of Chiral Cyanohydrins,Cofactor & Energy Management,section_only,1.0,Cofactor & Energy Management,section_only,11_Hanefeld_2022_ChemSocRev,
enantioselective biocatalytic oxidative desymmetrization of substituted pyrrolidines v kohler k r bailey a znabet j raftery m helliwell n j turner angew. chem. int. ed 49 2010,,Enantioselective biocatalytic oxidative desymmetrization of substituted pyrrolidines,2010.0,Angew. Chem. Int. Ed,Cofactor & Energy Management,section_only,1.0,Cofactor & Energy Management,section_only,09_Bommarius_2015_AnnuRevChemBiomolEng,
enzymes in the synthesis of glycoconjugates r m schmaltz s r hanson c.-h wong chem. rev 111 2011,,Enzymes in the Synthesis of Glycoconjugates,2011.0,Chem. Rev,Cofactor & Energy Management,section_only,1.0,Cofactor & Energy Management,section_only,17_Schrittwieser_2018_ChemRev,
enzymatic cascades for the regio-and stereoselective synthesis of chiral amines e o'reilly n j turner perspect. sci 4 2015,,Enzymatic Cascades for the Regio-and Stereoselective Synthesis of Chiral Amines,2015.0,Perspect. Sci,Cofactor & Energy Management,section_only,1.0,Cofactor & Energy Management,section_only,17_Schrittwieser_2018_ChemRev,
environmentally friendly approach to alpha-acyloxy carboxamides via a chemoenzymatic cascade d paprocki d koszelewski a zadlo p walde r ostaszewski rsc adv 6 2016,,Environmentally Friendly Approach to Alpha-Acyloxy Carboxamides via a Chemoenzymatic Cascade,2016.0,RSC Adv,Cofactor & Energy Management,section_priority,1.0,Cofactor & Energy Management,section_priority,17_Schrittwieser_2018_ChemRev,P7:\b(cascade|multi[- ]enzym\w*)\b|\btelescop(ed|ing)\b; P7:\bone[- ]pot\b|\btandem\b|\bchemo[- ]?enzymatic\b|\bchemoenzymatic\b
engineering an enantioselective amine oxidase for the synthesis of pharmaceutical building blocks and alkaloid natural products d ghislieri a p green m pontini s c willies i rowles j. am. chem. soc 135 2013,,Engineering an enantioselective amine oxidase for the synthesis of pharmaceutical building blocks and alkaloid natural products,2013.0,J. Am. Chem. Soc,Cofactor & Energy Management,section_only,1.0,Cofactor & Energy Management,section_only,09_Bommarius_2015_AnnuRevChemBiomolEng,
"enantioselective, continuous (r)-and (s)-2-butanol synthesis: achieving high space-time yields with recombinant e. coli cells in a micro-aqueous, solvent-free reaction system v erdmann u mackfeld d rother a jakoblinnert j biotechnol 191 2014",,"Enantioselective, continuous (R)-and (S)-2-butanol synthesis: achieving high space-time yields with recombinant E. coli cells in a micro-aqueous, solvent-free reaction system",2014.0,J Biotechnol,Cofactor & Energy Management,section_only,1.0,Cofactor & Energy Management,section_only,18_Wachtmeister_2016_CurrOpinBiotechnol,P4:\btwo[- ]liquid[- ]phase\b|\bbiphasic\b|\bmicro[- ]aqueous\b|\bpartition(ing)?\b; P8:\bflow\b|\bcontinuous\b|\bCSTR\b|\bPFR\b|\bplug[- ]flow\b|\bpacked[- ]bed\b|\bPBR\b|\bcolumn reactor\b
enantioselective oxidation of o-methyl-n-hydroxylamines using monoamine oxidase n as catalyst tsc eve a wells n j turner chem. commun 15 2007. 2007,,Enantioselective oxidation of O-methyl-N-hydroxylamines using monoamine oxidase N as catalyst,2007.0,Chem. Commun,Cofactor & Energy Management,section_priority,1.0,Cofactor & Energy Management,section_priority,09_Bommarius_2015_AnnuRevChemBiomolEng,P9:\btransaminase\b|\baminotransferase\b|\bω-?TA\b|\bIRED\b|\bRedAm\b|\bAmDH\b|\bMAO\b|\bmonoamine oxidase\b
"enantiomer recycling: metal catalyst, organocatalyst and biocatalyst working in concert e wingstrand a laurell l fransson k hult c moberg minor chem. -eur. j 15 2009",,"Enantiomer Recycling: Metal Catalyst, Organocatalyst and Biocatalyst Working in Concert",2009.0,Chem. -Eur. J,Cofactor & Energy Management,section_only,1.0,Cofactor & Energy Management,section_only,17_Schrittwieser_2018_ChemRev,
f r bisogno i lavandera v gotor kirk-othmer encyclopedia of chemical technology wiley 2011,,Kirk-Othmer Encyclopedia of Chemical Technology,2011.0,Kirk-Othmer Encyclopedia of Chemical Technology,Cofactor & Energy Management,section_only,1.0,Cofactor & Energy Management,section_only,17_Schrittwieser_2018_ChemRev,
enantiomer recycling: application to enantioselective syntheses of beta blockers y q wen r hertzberg i gonzalez c moberg minor chem. -eur. j 20 2014,,Enantiomer Recycling: Application to Enantioselective Syntheses of beta Blockers,2014.0,Chem. -Eur. J,Cofactor & Energy Management,section_only,1.0,Cofactor & Energy Management,section_only,17_Schrittwieser_2018_ChemRev,
"efficient whole-cell biocatalyst for neu5ac production by manipulating synthetic, degradation and transmembrane pathways d zhu x zhan j wu m gao z zhao biotech lett 39 2017",,"Efficient whole-cell biocatalyst for Neu5Ac production by manipulating synthetic, degradation and transmembrane pathways",2017.0,Biotech Lett,Cofactor & Energy Management,section_priority,1.0,Cofactor & Energy Management,section_priority,19_Lin_2017_MicrobCellFact,P3:\bwhole[- ]cell(s)?\b|\bresting cell(s)?\b|\bpermeabilis
e brenna m crotti f g gatti f parmeggiani a pugliese s santangelo importance of chirality to flavor compounds k.-h engel g takeoka american chemical society 2016,,Importance of Chirality to Flavor Compounds,2016.0,Importance of Chirality to Flavor Compounds,Cofactor & Energy Management,section_only,1.0,Cofactor & Energy Management,section_only,17_Schrittwieser_2018_ChemRev,
dynamic kinetic resolution with enzyme and palladium combinations j v allen j m j williams tetrahedron lett 37 1996,,Dynamic Kinetic Resolution with Enzyme and Palladium Combinations,1996.0,Tetrahedron Lett,Cofactor & Energy Management,section_only,1.0,Cofactor & Energy Management,section_only,17_Schrittwieser_2018_ChemRev,
domı ´nguez de marı ´a pd: asymmetric reduction of ketones with recombinant e. coli whole cells in neat substrates a jakoblinnert r mladenov a paul f sibilla u schwaneberg ansorge- schumacher m b chem commun 47 2011,,Domı ´nguez de Marı ´a PD: Asymmetric reduction of ketones with recombinant E. coli whole cells in neat substrates,2011.0,Chem Commun,Cofactor & Energy Management,section_priority,1.0,Cofactor & Energy Management,section_priority,18_Wachtmeister_2016_CurrOpinBiotechnol,P3:\bwhole[- ]cell(s)?\b|\bresting cell(s)?\b|\bpermeabilis
development of a one-pot tandem reaction combining ruthenium-catalyzed alkene metathesis and enantioselective enzymatic oxidation to produce aryl epoxides c a denard m j bartlett y wang l lu j f hartwig h zhao acs catal 5 2015,,Development of a One-Pot Tandem Reaction Combining Ruthenium-Catalyzed Alkene Metathesis and Enantioselective Enzymatic Oxidation To Produce Aryl Epoxides,2015.0,ACS Catal,Cofactor & Energy Management,section_priority,1.0,Cofactor & Energy Management,section_priority,17_Schrittwieser_2018_ChemRev,P7:\bone[- ]pot\b|\btandem\b|\bchemo[- ]?enzymatic\b|\bchemoenzymatic\b
f motojima a izumi a nuylert z y zhai m dadashipour s shichida t yamaguchi s nakano y asano febs j 288 2021,,FEBS J,2021.0,FEBS J,Cofactor & Energy Management,section_only,1.0,Cofactor & Energy Management,section_only,11_Hanefeld_2022_ChemSocRev,
f vertregt g torrelo s trunk h wiltsche w r hagen u hanefeld k steiner acs catal 6 2016,,ACS Catal,2016.0,ACS Catal,Cofactor & Energy Management,section_only,1.0,Cofactor & Energy Management,section_only,11_Hanefeld_2022_ChemSocRev,
j holt u hanefeld curr. org. synth 6 2009,,Curr. Org. Synth,2009.0,Curr. Org. Synth,Cofactor & Energy Management,section_only,1.0,Cofactor & Energy Management,section_only,11_Hanefeld_2022_ChemSocRev,
improved stabilization of microencapsulated cathepsin b in harsh conditions s sharma a mittal v k gupta h singh enzyme microb. technol 40 2007,,Improved stabilization of microencapsulated Cathepsin B in harsh conditions,2007.0,Enzyme Microb. Technol,Cofactor & Energy Management,section_only,1.0,Cofactor & Energy Management,section_only,09_Bommarius_2015_AnnuRevChemBiomolEng,
10.1002/9783527623389.ch6,10.1002/9783527623389.ch6,Enzyme‐Catalyzed Cascade Reactions,2008.0,Multi-Step Enzyme Catalysis,Cascade & Route Design,paper_only,1.0,Cascade & Route Design,paper_only,02_Sheldon_2018_ChemRev,P7:\b(cascade|multi[- ]enzym\w*)\b|\btelescop(ed|ing)\b
10.1128/aem.02404-18,10.1128/aem.02404-18,Bioprospecting Reveals Class III ω-Transaminases Converting Bulky Ketones and Environmentally Relevant Polyamines,2019.0,Applied and Environmental Microbiology,Cascade & Route Design,section_priority,1.0,Cascade & Route Design,section_priority,03_Bell_2021_NatRevMethodsPrimers,P1:\bgenome mining\b|\bmetagenom\w*\b|\bbioprospect\w*\b|\bbiopanning\b
"cascade of bioreactors in series for conversion of 3-phospho-d-glycerate into d-ribulose-1,5-bisphosphate: kinetic parameters of enzymes and operation variables s bhattacharya m schiavone j gomes s k bhattacharya j. biotechnol 111 2004",,"Cascade of Bioreactors in Series for Conversion of 3-Phospho-D-Glycerate into D-Ribulose-1,5-Bisphosphate: Kinetic Parameters of Enzymes and Operation Variables",2004.0,J. Biotechnol,Cascade & Route Design,paper_only,1.0,Cascade & Route Design,paper_only,17_Schrittwieser_2018_ChemRev,P7:\b(cascade|multi[- ]enzym\w*)\b|\btelescop(ed|ing)\b
"cascade reactions in multicompartmentalized polymersomes r j r w peters m marguet s marais m w fraaije j c m van hest s lecommandoux angew. chem., int. ed 53 2014",,Cascade Reactions in Multicompartmentalized Polymersomes,2014.0,"Angew. Chem., Int. Ed",Cascade & Route Design,paper_only,1.0,Cascade & Route Design,paper_only,17_Schrittwieser_2018_ChemRev,P7:\b(cascade|multi[- ]enzym\w*)\b|\btelescop(ed|ing)\b
"chemoenzymatic synthesis of all four diastereomers of 2,6-disubstituted piperidines through stereoselective monoamination of 1,5-diketones r c simon f zepeck w kroutil chem. -eur",,"Chemoenzymatic Synthesis of All Four Diastereomers of 2,6-Disubstituted Piperidines through Stereoselective Monoamination of 1,5-Diketones",,Chem. -Eur,Cascade & Route Design,consensus,1.0,Cascade & Route Design,consensus,17_Schrittwieser_2018_ChemRev,P7:\bone[- ]pot\b|\btandem\b|\bchemo[- ]?enzymatic\b|\bchemoenzymatic\b
"chiral amine synthesis using omega-transaminases: an amine donor that displaces equilibria and enables high-throughput screening a p green n j turner e o'reilly angew. chem., int. ed 53 2014",,Chiral Amine Synthesis Using omega-Transaminases: An Amine Donor that Displaces Equilibria and Enables High-Throughput Screening,2014.0,"Angew. Chem., Int. Ed",Cascade & Route Design,section_only,1.0,Cascade & Route Design,section_only,17_Schrittwieser_2018_ChemRev,
comparison of different chemoenzymatic process routes to enantiomerically pure amino acids a s bommarius m schwarm k drauz chimia 55 2001,,Comparison of different chemoenzymatic process routes to enantiomerically pure amino acids,2001.0,Chimia,Cascade & Route Design,paper_only,1.0,Cascade & Route Design,paper_only,09_Bommarius_2015_AnnuRevChemBiomolEng,P7:\bone[- ]pot\b|\btandem\b|\bchemo[- ]?enzymatic\b|\bchemoenzymatic\b
concepts of nature in organic synthesis: cascade catalysis and multistep conversions in concert a bruggink r schoevaart t kieboom org. process res. dev 7 2003,,Concepts of Nature in Organic Synthesis: Cascade Catalysis and Multistep Conversions in Concert,2003.0,Org. Process Res. Dev,Cascade & Route Design,paper_only,1.0,Cascade & Route Design,paper_only,02_Sheldon_2018_ChemRev,P7:\b(cascade|multi[- ]enzym\w*)\b|\btelescop(ed|ing)\b
concepts of nature in organic synthesis: cascade catalysis and multistep conversions in concert a bruggink r schoevaart t kieboom org. process. res. dev 7 2003,,Concepts of nature in organic synthesis: cascade catalysis and multistep conversions in concert,2003.0,Org. Process. Res. Dev,Cascade & Route Design,consensus,1.0,Cascade & Route Design,consensus,03_Bell_2021_NatRevMethodsPrimers,P7:\b(cascade|multi[- ]enzym\w*)\b|\btelescop(ed|ing)\b
constructing biocatalytic cascades: in vitro and in vivo approaches to de multi-enzyme pathways s p france l j hepworth n j turner s l flitsch acs catal 7 2017,,Constructing biocatalytic cascades: In vitro and in vivo approaches to de multi-enzyme pathways,2017.0,ACS Catal,Cascade & Route Design,paper_only,1.0,Cascade & Route Design,paper_only,02_Sheldon_2018_ChemRev,P7:\b(cascade|multi[- ]enzym\w*)\b|\btelescop(ed|ing)\b
"controlled organocatalysis and its application in chemoenzymatic synthesis angew. chem., int. ed 50 2011",,Controlled Organocatalysis and Its Application in Chemoenzymatic Synthesis,2011.0,"Angew. Chem., Int. Ed",Cascade & Route Design,paper_only,1.0,Cascade & Route Design,paper_only,17_Schrittwieser_2018_ChemRev,P7:\bone[- ]pot\b|\btandem\b|\bchemo[- ]?enzymatic\b|\bchemoenzymatic\b
development and scaling-up of the fragrance compound 4-ethylguaiacol synthesis via a two-step chemo-enzymatic reaction sequence l pesci m baydar s glueck k faber a liese s kara org. process res. dev 21 2017,,Development and scaling-up of the fragrance compound 4-ethylguaiacol synthesis via a two-step chemo-enzymatic reaction sequence,2017.0,Org. Process Res. Dev,Cascade & Route Design,paper_only,1.0,Cascade & Route Design,paper_only,02_Sheldon_2018_ChemRev,P7:\bone[- ]pot\b|\btandem\b|\bchemo[- ]?enzymatic\b|\bchemoenzymatic\b
direct synthesis of 2-phenylethanol by hydrogenation of methyl phenylacetate using homogeneous rutheniumphosphine catalysis under low hydrogen pressure k nomura h ogura y imanishi j mol catal a chem 166 2001,,Direct synthesis of 2-phenylethanol by hydrogenation of methyl phenylacetate using homogeneous rutheniumphosphine catalysis under low hydrogen pressure,2001.0,J Mol Catal A Chem,Cascade & Route Design,section_only,1.0,Cascade & Route Design,section_only,19_Lin_2017_MicrobCellFact,
discovery and biocatalytic application of a plp-dependent amino acid γ-substitution enzyme that catalyzes c-c bond formation m chen c t liu y tang j. am. chem. soc 142 2020,,Discovery and biocatalytic application of a PLP-dependent amino acid γ-substitution enzyme that catalyzes C-C bond formation,2020.0,J. Am. Chem. Soc,Cascade & Route Design,section_priority,1.0,Cascade & Route Design,section_priority,03_Bell_2021_NatRevMethodsPrimers,P6:\bcofactors?\b|\bNADP?\+?\b|\bNADH\b|\bNADPH\b|\bflavins?\b|\bFAD\b|\bFMN\b|\bPLP\b
efficient production of enantiomerically pure chiral amines at concentrations of 50 g/l using transaminases m d truppo j d rozzell n j turner org. process res. dev 14 2010,,Efficient Production of Enantiomerically Pure Chiral Amines at Concentrations of 50 g/L Using Transaminases,2010.0,Org. Process Res. Dev,Cascade & Route Design,section_only,1.0,Cascade & Route Design,section_only,17_Schrittwieser_2018_ChemRev,
electrophilic and nucleophilic enzymatic cascade reactions in biosynthesis b t ueberbacher m hall k faber nat. prod. rep 29 2012,,Electrophilic and Nucleophilic Enzymatic Cascade Reactions in Biosynthesis,2012.0,Nat. Prod. Rep,Cascade & Route Design,paper_priority,1.0,Cascade & Route Design,paper_priority,17_Schrittwieser_2018_ChemRev,P7:\b(cascade|multi[- ]enzym\w*)\b|\btelescop(ed|ing)\b; P7:\b(retro)?biosynthesis\b|\bCASP\b|\bpathway design\b|\broute scouting\b
enantioselective chemo-and biocatalysis: partners in retrosynthesis m hönig p sondermann n j turner e m carreira angew. chem. int. ed 56 2017,,Enantioselective chemo-and biocatalysis: partners in retrosynthesis,2017.0,Angew. Chem. Int. Ed,Cascade & Route Design,section_only,1.0,Cascade & Route Design,section_only,03_Bell_2021_NatRevMethodsPrimers,
enantioselective synthesis of a dual orexin receptor antagonist i k mangion b d sherry j yin f j fleitz org. lett 14 2012,,Enantioselective Synthesis of a Dual Orexin Receptor Antagonist,2012.0,Org. Lett,Cascade & Route Design,section_only,1.0,Cascade & Route Design,section_only,17_Schrittwieser_2018_ChemRev,
engineering a pyridoxal 5′-phosphate supply for cadaverine production by using escherichia coli whole-cell biocatalysis w ma w cao b zhang k chen q liu y li p ouyang sci rep 5 15630 2015,,Engineering a pyridoxal 5′-phosphate supply for cadaverine production by using Escherichia coli whole-cell biocatalysis,2015.0,Sci Rep,Cascade & Route Design,section_priority,1.0,Cascade & Route Design,section_priority,19_Lin_2017_MicrobCellFact,P3:\bwhole[- ]cell(s)?\b|\bresting cell(s)?\b|\bpermeabilis
engineering biosynthetic enzymes for industrial natural product synthesis s galanie d entwistle j lalonde nat. prod. rep 37 2020,,Engineering biosynthetic enzymes for industrial natural product synthesis,2020.0,Nat. Prod. Rep,Cascade & Route Design,section_priority,1.0,Cascade & Route Design,section_priority,03_Bell_2021_NatRevMethodsPrimers,P10:\bindustrial\b|\bscale[- ]?up\b|\bGMP\b|\bICH\b|\bQbD\b|\bHAZOP\b|\bTRL\b|\bprocess validation\b
"artificial metabolisms"" for the asymmetric one-pot synthesis of branched-chain saccharides w.-d fessner c walter angew. chem., int. ed. engl 31 1992",,"Artificial Metabolisms"" for the Asymmetric One-Pot Synthesis of Branched-Chain Saccharides",1992.0,"Angew. Chem., Int. Ed. Engl","Reactors, Flow & In-Line Operations",section_priority,1.0,"Reactors, Flow & In-Line Operations",section_priority,17_Schrittwieser_2018_ChemRev,P7:\bone[- ]pot\b|\btandem\b|\bchemo[- ]?enzymatic\b|\bchemoenzymatic\b
glycine oxidase based highthroughput solid-phase assay for substrate profiling and directed evolution of (r)-and (s)-selective amine transaminases m s weiß i v pavlidis c vickers m hohne u t bornscheuer anal. chem 86 2014,,Glycine oxidase based highthroughput solid-phase assay for substrate profiling and directed evolution of (R)-and (S)-selective amine transaminases,2014.0,Anal. Chem,"Reactors, Flow & In-Line Operations",section_priority,1.0,"Reactors, Flow & In-Line Operations",section_priority,03_Bell_2021_NatRevMethodsPrimers,P2:\bdirected evolution\b|\berror[- ]?prone PCR\b|\bcontinuous evolution\b|\b(PACE|OrthoRep)\b
"for a completely different approach involving continuous laboratory evolution, 21f see: esvelt a mukherjee k b weyant j walker c m schroeder k m carlson j c liu d r j. biol. eng 499 2012, 6, 20. 2011 nature",,"For a completely different approach involving continuous laboratory evolution, 21f see: Esvelt",2011.0,J. Biol. Eng,"Reactors, Flow & In-Line Operations",paper_only,1.0,"Reactors, Flow & In-Line Operations",paper_only,05_Reetz_2013_JACS,P8:\bflow\b|\bcontinuous\b|\bCSTR\b|\bPFR\b|\bplug[- ]flow\b|\bpacked[- ]bed\b|\bPBR\b|\bcolumn reactor\b
flow chemistry: recent developments in the synthesis of pharmaceutical products r porta m benaglia a puglisi org. process res. dev 20 2016,,Flow Chemistry: Recent Developments in the Synthesis of Pharmaceutical Products,2016.0,Org. Process Res. Dev,"Reactors, Flow & In-Line Operations",paper_only,1.0,"Reactors, Flow & In-Line Operations",paper_only,02_Sheldon_2018_ChemRev;17_Schrittwieser_2018_ChemRev,P8:\bflow\b|\bcontinuous\b|\bCSTR\b|\bPFR\b|\bplug[- ]flow\b|\bpacked[- ]bed\b|\bPBR\b|\bcolumn reactor\b
flow chemistry -a key enabling technology for (multistep) organic synthesis j wegner s ceylan a kirschning adv. synth. catal 354 2012,,Flow Chemistry -A Key enabling Technology for (Multistep) Organic Synthesis,2012.0,Adv. Synth. Catal,"Reactors, Flow & In-Line Operations",paper_only,1.0,"Reactors, Flow & In-Line Operations",paper_only,02_Sheldon_2018_ChemRev,P8:\bflow\b|\bcontinuous\b|\bCSTR\b|\bPFR\b|\bplug[- ]flow\b|\bpacked[- ]bed\b|\bPBR\b|\bcolumn reactor\b
"f le p h seeberger angew. chem., int. ed 51 2012",,"Angew. Chem., Int. Ed",2012.0,"Angew. Chem., Int. Ed","Reactors, Flow & In-Line Operations",section_only,1.0,"Reactors, Flow & In-Line Operations",section_only,16_Britton_2018_ChemSocRev,
evolution of thermophilic dna polymerases for the recognition and amplification of c2′-modified dna t chen nat. chem 8 2016,,Evolution of thermophilic DNA polymerases for the recognition and amplification of C2′-modified DNA,2016.0,Nat. Chem,"Reactors, Flow & In-Line Operations",section_only,1.0,"Reactors, Flow & In-Line Operations",section_only,03_Bell_2021_NatRevMethodsPrimers,
"enzymatic conversion of racemic methionine to the l-enantiomer n nakajima n esaki k soda j. chem. soc., chem. commun 1990",,Enzymatic Conversion of Racemic Methionine to the L-Enantiomer,1990.0,"J. Chem. Soc., Chem. Commun","Reactors, Flow & In-Line Operations",section_only,1.0,"Reactors, Flow & In-Line Operations",section_only,17_Schrittwieser_2018_ChemRev,
"enzymatic 2-step synthesis of n-acetylneuraminic acid in the enzyme membrane reactor u kragl d gygax o ghisalba c wandrey angew. chem., int. ed. engl 30 1991",,Enzymatic 2-Step Synthesis of N-Acetylneuraminic Acid in the Enzyme Membrane Reactor,1991.0,"Angew. Chem., Int. Ed. Engl","Reactors, Flow & In-Line Operations",paper_only,1.0,"Reactors, Flow & In-Line Operations",paper_only,17_Schrittwieser_2018_ChemRev,P8:\bmembrane reactor\b|\bpervaporation\b|\bextraction (loop|module)\b|\brecirculation\b
emergence of a catalytic tetrad during evolution of a highly active artificial aldolase r obexer nat. chem 9 2017,,Emergence of a catalytic tetrad during evolution of a highly active artificial aldolase,2017.0,Nat. Chem,"Reactors, Flow & In-Line Operations",section_priority,1.0,"Reactors, Flow & In-Line Operations",section_priority,03_Bell_2021_NatRevMethodsPrimers,P9:\baldolase\b|\bDERA\b|\bFSA\b|\bHNL\b|\bThDP\b|\btransketolase\b|\bTK\b|\bPAL\b|\baldoxime dehydratase\b|\bCAR\b
"e wu ¨lfert k a pringle e l sundstrom pat. appl 2002000224a1, 2002",,Pat. Appl,2002.0,Pat. Appl,"Reactors, Flow & In-Line Operations",paper_only,1.0,"Reactors, Flow & In-Line Operations",paper_only,10_Yi_2021_ChemSocRev,P8:\bPAT\b|\bprocess analytical\b|\bin[- ]line\b|\bon[- ]line\b|\b(in|on)line (NIR|Raman|FTIR|MS)\b
"development of a multi-step synthesis and workup sequence for an integrated, continuous manufacturing process of a pharmaceutical p l heider s c born s basak b benyahia r lakerveld h zhang r hogan l buchbinder a wolfe s mascia j m b evans t f jamison k f jensen org. process res. dev 18 2014",,"Development of a multi-step synthesis and workup sequence for an integrated, continuous manufacturing process of a pharmaceutical",2014.0,Org. Process Res. Dev,"Reactors, Flow & In-Line Operations",paper_only,1.0,"Reactors, Flow & In-Line Operations",paper_only,02_Sheldon_2018_ChemRev,P8:\bflow\b|\bcontinuous\b|\bCSTR\b|\bPFR\b|\bplug[- ]flow\b|\bpacked[- ]bed\b|\bPBR\b|\bcolumn reactor\b
d t mcquade p h seeberger j. org. chem 78 2013,,J. Org. Chem,2013.0,J. Org. Chem,"Reactors, Flow & In-Line Operations",section_only,1.0,"Reactors, Flow & In-Line Operations",section_only,16_Britton_2018_ChemSocRev,
d munoz solano p hoyos m j hernaiz a r alcantara j m sanchez-montero bioresour. technol 115 2012,,Bioresour. Technol,2012.0,Bioresour. Technol,"Reactors, Flow & In-Line Operations",section_only,1.0,"Reactors, Flow & In-Line Operations",section_only,15_Sheldon_2013_ChemSocRev,
"continuous reactions in supercritical carbon dioxide: problems, solutions and possible ways forward x han m poliakoff chem. soc. rev 41 2012",,"Continuous reactions in supercritical carbon dioxide: problems, solutions and possible ways forward",2012.0,Chem. Soc. Rev,"Reactors, Flow & In-Line Operations",paper_only,1.0,"Reactors, Flow & In-Line Operations",paper_only,02_Sheldon_2018_ChemRev,P8:\bflow\b|\bcontinuous\b|\bCSTR\b|\bPFR\b|\bplug[- ]flow\b|\bpacked[- ]bed\b|\bPBR\b|\bcolumn reactor\b
continuous multistep synthesis of perillic acid from limonene by catalytic biofilms under segmented flow c willrodt b halan l karthaus j rehdorf m k julsing k buehler a schmid biotechnol. bioeng 114 2017,,Continuous Multistep Synthesis of Perillic Acid From Limonene by Catalytic Biofilms Under Segmented Flow,2017.0,Biotechnol. Bioeng,"Reactors, Flow & In-Line Operations",paper_only,1.0,"Reactors, Flow & In-Line Operations",paper_only,17_Schrittwieser_2018_ChemRev,P8:\bflow\b|\bcontinuous\b|\bCSTR\b|\bPFR\b|\bplug[- ]flow\b|\bpacked[- ]bed\b|\bPBR\b|\bcolumn reactor\b
continuous flow reactors: a perspective c wiles p watts green chem 14 2012,,Continuous flow reactors: a perspective,2012.0,Green Chem,"Reactors, Flow & In-Line Operations",paper_only,1.0,"Reactors, Flow & In-Line Operations",paper_only,02_Sheldon_2018_ChemRev,P8:\bflow\b|\bcontinuous\b|\bCSTR\b|\bPFR\b|\bplug[- ]flow\b|\bpacked[- ]bed\b|\bPBR\b|\bcolumn reactor\b
c m clouthierz j n pelletier chem. soc. rev 41 2012,,Chem. Soc. Rev,2012.0,Chem. Soc. Rev,"Reactors, Flow & In-Line Operations",section_only,1.0,"Reactors, Flow & In-Line Operations",section_only,15_Sheldon_2013_ChemSocRev,
c garcia-galan a berenguer-murcia r fernandez-lafuente r c rodrigues adv. synth. catal 353 2011,,Adv. Synth. Catal,2011.0,Adv. Synth. Catal,"Reactors, Flow & In-Line Operations",section_only,1.0,"Reactors, Flow & In-Line Operations",section_only,15_Sheldon_2013_ChemSocRev,
building a global alliance of biofoundries n hillson nat. commun 10 2019,,Building a global alliance of biofoundries,2019.0,Nat. Commun,"Reactors, Flow & In-Line Operations",section_only,1.0,"Reactors, Flow & In-Line Operations",section_only,03_Bell_2021_NatRevMethodsPrimers,
10.2533/chimia.1994.570,10.2533/chimia.1994.570,Highly Efficient Lipase-Catalyzed Kinetic Resolution of Chiral Amines,1994.0,CHIMIA,Reaction Space & Enzyme Portfolios,paper_only,1.0,Reaction Space & Enzyme Portfolios,paper_only,12_Carrea_2000_ACIE,P9:\bglycosyl(transferase|ation)\b|\bglycosidase\b|\bnitrilase\b|\bnitrile hydratase\b|\bepoxide hydrolase\b|\blipase\b|\besterase\b
reactor concept for lipase-catalyzed solvent-free conversion of highly viscous reactants forming two-phase systems l hilterhaus o thum a liese org. process res. dev 12 2008,,Reactor Concept for Lipase-Catalyzed Solvent-Free Conversion of Highly Viscous Reactants Forming Two-Phase Systems,2008.0,Org. Process Res. Dev,Reaction Space & Enzyme Portfolios,paper_only,1.0,Reaction Space & Enzyme Portfolios,paper_only,02_Sheldon_2018_ChemRev,P9:\bglycosyl(transferase|ation)\b|\bglycosidase\b|\bnitrilase\b|\bnitrile hydratase\b|\bepoxide hydrolase\b|\blipase\b|\besterase\b
amination of ω-functionalized aliphatic primary alcohols by a biocatalytic oxidation-transamination cascade m pickl m fuchs s m glueck k faber chemcatchem 7 2015,,Amination of ω-Functionalized Aliphatic Primary Alcohols by a Biocatalytic Oxidation-Transamination Cascade,2015.0,ChemCatChem,Reaction Space & Enzyme Portfolios,section_priority,1.0,Reaction Space & Enzyme Portfolios,section_priority,17_Schrittwieser_2018_ChemRev,P5:\boriented immobiliz\w*\b|\bcross[- ]link(ed|ing)\b|\bfunctionaliz(ed|ation)\b|\bsite[- ]directed attachment\b; P7:\b(cascade|multi[- ]enzym\w*)\b|\btelescop(ed|ing)\b
artificial metalloenzymes for olefin metathesis based on the biotin-(strept)avidin technology c lo m r ringenberg d gnandt y wilson t r ward chem. commun 47 2011,,Artificial metalloenzymes for olefin metathesis based on the biotin-(strept)avidin technology,2011.0,Chem. Commun,Reaction Space & Enzyme Portfolios,section_only,1.0,Reaction Space & Enzyme Portfolios,section_only,09_Bommarius_2015_AnnuRevChemBiomolEng,
artificial multi-enzyme networks for the asymmetric amination of sec-alcohols k tauber m fuchs j h sattler j pitzer d pressnitz d koszelewski k faber j pfeffer t haas w kroutil chem. -eur. j 19 2013,,Artificial Multi-enzyme Networks for the Asymmetric Amination of sec-Alcohols,2013.0,Chem. -Eur. J,Reaction Space & Enzyme Portfolios,section_priority,1.0,Reaction Space & Enzyme Portfolios,section_priority,02_Sheldon_2018_ChemRev;17_Schrittwieser_2018_ChemRev,P7:\b(cascade|multi[- ]enzym\w*)\b|\btelescop(ed|ing)\b
biocatalysts for the pharmaceutical industry created by structure-guided directed evolution of stereoselective enzymes g li j.-b wang m t reetz bioorg. med. chem 26 2018,,Biocatalysts for the pharmaceutical industry created by structure-guided directed evolution of stereoselective enzymes,2018.0,Bioorg. Med. Chem,Reaction Space & Enzyme Portfolios,section_priority,1.0,Reaction Space & Enzyme Portfolios,section_priority,03_Bell_2021_NatRevMethodsPrimers,P2:\bdirected evolution\b|\berror[- ]?prone PCR\b|\bcontinuous evolution\b|\b(PACE|OrthoRep)\b
biocatalytic imine reduction and reductive amination of ketones j h schrittwieser s velikogne w kroutil adv. synth. catal 357 2015,,Biocatalytic Imine Reduction and Reductive Amination of Ketones,2015.0,Adv. Synth. Catal,Reaction Space & Enzyme Portfolios,section_only,1.0,Reaction Space & Enzyme Portfolios,section_only,17_Schrittwieser_2018_ChemRev,
biocatalytic site-and enantioselective oxidative dearomatization of phenols s a baker dockrey a l lukowski m r becker a r h narayan nat. chem 10 2018,,Biocatalytic site-and enantioselective oxidative dearomatization of phenols,2018.0,Nat. Chem,Reaction Space & Enzyme Portfolios,section_only,1.0,Reaction Space & Enzyme Portfolios,section_only,03_Bell_2021_NatRevMethodsPrimers,
biocatalytic synthesis of a diketobornane as a building block for bifunctional camphor derivatives m hofer h strittmatter v sieber chemcatchem 5 2013,,Biocatalytic Synthesis of a Diketobornane as a Building Block for Bifunctional Camphor Derivatives,2013.0,ChemCatChem,Reaction Space & Enzyme Portfolios,section_only,1.0,Reaction Space & Enzyme Portfolios,section_only,17_Schrittwieser_2018_ChemRev,
biocontrolled formal inversion or retention of l-α-amino acids to enantiopure (r)or (s)-hydroxyacids e busto n richter b grischek w kroutil chem. -eur. j 20 2014,,Biocontrolled Formal Inversion or Retention of L-α-Amino Acids to Enantiopure (R)or (S)-Hydroxyacids,2014.0,Chem. -Eur. J,Reaction Space & Enzyme Portfolios,section_only,1.0,Reaction Space & Enzyme Portfolios,section_only,17_Schrittwieser_2018_ChemRev,
characterization of hydroxylaminobenzene mutase from pnbz139 cloned from pseudomonas pseudoalcaligenes js45 z q he l j nadeau j c spain eur. j. biochem 267 2000,,Characterization of hydroxylaminobenzene mutase from pNBZ139 cloned from Pseudomonas pseudoalcaligenes JS45,2000.0,Eur. J. Biochem,Reaction Space & Enzyme Portfolios,section_only,1.0,Reaction Space & Enzyme Portfolios,section_only,09_Bommarius_2015_AnnuRevChemBiomolEng,
"alternative pig liver esterase (aple) -cloning, identification and functional expression in pichia pastoris of a versatile new biocatalyst m hermann j. biotechnol 133 2008",,"Alternative pig liver esterase (APLE) -cloning, identification and functional expression in Pichia pastoris of a versatile new biocatalyst",2008.0,J. Biotechnol,Reaction Space & Enzyme Portfolios,paper_only,1.0,Reaction Space & Enzyme Portfolios,paper_only,01_Bornscheuer_2012_Nature,P9:\bglycosyl(transferase|ation)\b|\bglycosidase\b|\bnitrilase\b|\bnitrile hydratase\b|\bepoxide hydrolase\b|\blipase\b|\besterase\b
combined imine reductase and amine oxidase catalyzed deracemization of nitrogen heterocycles r s heath m pontini s hussain n j turner chemcatchem 8 2016,,Combined imine reductase and amine oxidase catalyzed deracemization of nitrogen heterocycles,2016.0,ChemCatChem,Reaction Space & Enzyme Portfolios,section_only,1.0,Reaction Space & Enzyme Portfolios,section_only,02_Sheldon_2018_ChemRev;17_Schrittwieser_2018_ChemRev,
coupled enzymatic alcohol-to-amine conversion of isosorbide using engineered transaminases and dehydrogenases a lerchner s achatz c rausch t haas a skerra chemcatchem 5 2013,,Coupled Enzymatic Alcohol-to-Amine Conversion of Isosorbide using Engineered Transaminases and Dehydrogenases,2013.0,ChemCatChem,Reaction Space & Enzyme Portfolios,section_only,1.0,Reaction Space & Enzyme Portfolios,section_only,17_Schrittwieser_2018_ChemRev,
cytochrome p450-catalyzed insertion of carbenoids into n-h bonds z j wang n e peck renata h arnold f h chem. sci 5 2014,,Cytochrome P450-catalyzed insertion of carbenoids into N-H bonds,2014.0,Chem. Sci,Reaction Space & Enzyme Portfolios,consensus,1.0,Reaction Space & Enzyme Portfolios,consensus,09_Bommarius_2015_AnnuRevChemBiomolEng,P9:\bBVMO\b|\bmonooxygenase\b|\bperoxygenase\b|\bP450\b|\bhalogenase\b|\bflavin[- ]dependent\b
d-2-hydroxyisocaproate dehydrogenase from lactobacillus casei -a new enzyme suitable for stereospecific reduction of 2-ketocarboxylic acids w hummel h schuẗte m r kula appl. microbiol. biotechnol 21 1985,,D-2-Hydroxyisocaproate Dehydrogenase from Lactobacillus casei -a New Enzyme Suitable for Stereospecific Reduction of 2-Ketocarboxylic Acids,1985.0,Appl. Microbiol. Biotechnol,Reaction Space & Enzyme Portfolios,section_only,1.0,Reaction Space & Enzyme Portfolios,section_only,17_Schrittwieser_2018_ChemRev,
r b woodward f sondheimer d taub k heusler w m maclamore j. am. chem. soc 74 4223 1952,,J. Am. Chem. Soc,1952.0,J. Am. Chem. Soc,Reaction Space & Enzyme Portfolios,section_only,1.0,Reaction Space & Enzyme Portfolios,section_only,05_Reetz_2013_JACS,
deracemisation of mandelic acid to optically pure non-natural l-phenylglycine via a redox-neutral biocatalytic cascade v resch w m f fabian w kroutil adv. synth. catal 352 2010,,Deracemisation of Mandelic Acid to Optically Pure Non-Natural L-Phenylglycine via a Redox-Neutral Biocatalytic Cascade,2010.0,Adv. Synth. Catal,Reaction Space & Enzyme Portfolios,section_priority,1.0,Reaction Space & Enzyme Portfolios,section_priority,17_Schrittwieser_2018_ChemRev,P7:\b(cascade|multi[- ]enzym\w*)\b|\btelescop(ed|ing)\b
pseudomonas stutzeri lipase: a useful biocatalyst for aminolysis reactions s van pelt r l m teeuwen m h a janssen r a sheldon p j dunn r m howard r kumar i martínez j w wong green chem 13 2011,,Pseudomonas stutzeri lipase: a useful biocatalyst for aminolysis reactions,2011.0,Green Chem,Reaction Space & Enzyme Portfolios,paper_only,1.0,Reaction Space & Enzyme Portfolios,paper_only,02_Sheldon_2018_ChemRev,P9:\bglycosyl(transferase|ation)\b|\bglycosidase\b|\bnitrilase\b|\bnitrile hydratase\b|\bepoxide hydrolase\b|\blipase\b|\besterase\b
development of a chemoenzymatic manufacturing process for pregabalin c a martinez s hu y dumond j tao p kelleher l tully organ. process res. dev 12 2008,,Development of a chemoenzymatic manufacturing process for pregabalin,2008.0,Organ. Process Res. Dev,Reaction Space & Enzyme Portfolios,section_priority,1.0,Reaction Space & Enzyme Portfolios,section_priority,09_Bommarius_2015_AnnuRevChemBiomolEng,P7:\bone[- ]pot\b|\btandem\b|\bchemo[- ]?enzymatic\b|\bchemoenzymatic\b
w klopffer background and future prospects in life cycle assessment dordrecht; the netherlands springer 2014,,Background and Future Prospects in Life Cycle Assessment,2014.0,Background and Future Prospects in Life Cycle Assessment,"Sustainability, Metrics & Industrialization",paper_only,1.0,"Sustainability, Metrics & Industrialization",paper_only,02_Sheldon_2018_ChemRev,P10:\bLCA\b|\blife cycle assess(ment|ing)\b|\bISO 1404[04]\b|\bGWP\b|\bCO2[- ]?eq\b
choosing the greenest synthesis: a multivariate metric green chemistry exercise s m mercer j andraos p g jessop j. chem. educ 89 2012,,Choosing the greenest synthesis: a multivariate metric green chemistry exercise,2012.0,J. Chem. Educ,"Sustainability, Metrics & Industrialization",paper_only,1.0,"Sustainability, Metrics & Industrialization",paper_only,02_Sheldon_2018_ChemRev,P10:\bPMI\b|\bprocess mass intensity\b|\bE[- ]?factor\b|\batom economy\b|\bgreen (chemistry|metrics)\b
enzymatic synthesis of aliphatic nitriles at a substrate loading of up to 1.4 kg/l: a biocatalytic record achieved with a heme protein a hinzmann s glinski m worm h gröger j. org. chem 84 2019,,Enzymatic synthesis of aliphatic nitriles at a substrate loading of up to 1.4 kg/l: a biocatalytic record achieved with a heme protein,2019.0,J. Org. Chem,"Sustainability, Metrics & Industrialization",section_only,1.0,"Sustainability, Metrics & Industrialization",section_only,03_Bell_2021_NatRevMethodsPrimers,
engineering highly functional thermostable proteins using ancestral sequence reconstruction y gumulya nat. catal 1 2018,,Engineering highly functional thermostable proteins using ancestral sequence reconstruction,2018.0,Nat. Catal,"Sustainability, Metrics & Industrialization",section_priority,1.0,"Sustainability, Metrics & Industrialization",section_priority,03_Bell_2021_NatRevMethodsPrimers,P2:\bconsensus\b|\bancestral\b|\bDNA shuffling\b|\bSCHEMA\b|\bProSAR\b|\bdeep mutational scanning\b|\bDMS\b
engineering cytochrome p450 enzyme systems for biomedical and biotechnological applications z li j. biol. chem 295 2020,,Engineering cytochrome P450 enzyme systems for biomedical and biotechnological applications,2020.0,J. Biol. Chem,"Sustainability, Metrics & Industrialization",section_only,1.0,"Sustainability, Metrics & Industrialization",section_only,03_Bell_2021_NatRevMethodsPrimers,P9:\bBVMO\b|\bmonooxygenase\b|\bperoxygenase\b|\bP450\b|\bhalogenase\b|\bflavin[- ]dependent\b
energising the e-factor: the e+-factor f tieves tetrahedron 75 2019,,Energising the E-factor: the E+-factor,2019.0,Tetrahedron,"Sustainability, Metrics & Industrialization",paper_only,1.0,"Sustainability, Metrics & Industrialization",paper_only,03_Bell_2021_NatRevMethodsPrimers,P10:\bPMI\b|\bprocess mass intensity\b|\bE[- ]?factor\b|\batom economy\b|\bgreen (chemistry|metrics)\b
ehs and lca assessment for 7-aca synthesis r k henderson c jimenez-gonzalez c preston d j c constable j m woodley ind. biotechnol 4 2008,,EHS and LCA assessment for 7-ACA synthesis,2008.0,Ind. Biotechnol,"Sustainability, Metrics & Industrialization",paper_only,1.0,"Sustainability, Metrics & Industrialization",paper_only,02_Sheldon_2018_ChemRev,P10:\bLCA\b|\blife cycle assess(ment|ing)\b|\bISO 1404[04]\b|\bGWP\b|\bCO2[- ]?eq\b; P10:\bsolvent recycling\b|\bvalorization\b|\bcircular economy\b|\bEHS\b|\bREACH\b
"schu ¨rmann, industrial enzyme applications m 2019",,"Schu ¨rmann, Industrial Enzyme Applications",2019.0,"Schu ¨rmann, Industrial Enzyme Applications","Sustainability, Metrics & Industrialization",paper_only,1.0,"Sustainability, Metrics & Industrialization",paper_only,11_Hanefeld_2022_ChemSocRev,P10:\bindustrial\b|\bscale[- ]?up\b|\bGMP\b|\bICH\b|\bQbD\b|\bHAZOP\b|\bTRL\b|\bprocess validation\b
development of an immobilized transaminase capable of operating in organic solvent m d truppo h strotman g hughes chemcatchem 4 2012,,Development of an Immobilized Transaminase Capable of Operating in Organic Solvent,2012.0,ChemCatChem,"Sustainability, Metrics & Industrialization",section_only,1.0,"Sustainability, Metrics & Industrialization",section_only,02_Sheldon_2018_ChemRev;03_Bell_2021_NatRevMethodsPrimers,P4:\borganic solvent(s)?\b|\bsolvent[- ]toleran\w*|\bcosolvents?\b|\blog ?P\b; P5:\bimmobiliz\w*|\breus(e|ability)\b; P9:\btransaminase\b|\baminotransferase\b|\bω-?TA\b|\bIRED\b|\bRedAm\b|\bAmDH\b|\bMAO\b|\bmonoamine oxidase\b
designing nanomaterials to maximize performance and minimize undesirable implications guided by the principles of green chemistry l m gilbertson j b zimmerman d l plata j e hutchison p t anastas chem. soc. rev 44 2015,,Designing nanomaterials to maximize performance and minimize undesirable implications guided by the Principles of Green Chemistry,2015.0,Chem. Soc. Rev,"Sustainability, Metrics & Industrialization",paper_only,1.0,"Sustainability, Metrics & Industrialization",paper_only,02_Sheldon_2018_ChemRev,P10:\bPMI\b|\bprocess mass intensity\b|\bE[- ]?factor\b|\batom economy\b|\bgreen (chemistry|metrics)\b
continuous flow biocatalysis j britton s majumdar g a weiss chem. soc. rev 47 2018,,Continuous flow biocatalysis,2018.0,Chem. Soc. Rev,"Sustainability, Metrics & Industrialization",section_priority,1.0,"Sustainability, Metrics & Industrialization",section_priority,03_Bell_2021_NatRevMethodsPrimers,P8:\bflow\b|\bcontinuous\b|\bCSTR\b|\bPFR\b|\bplug[- ]flow\b|\bpacked[- ]bed\b|\bPBR\b|\bcolumn reactor\b
c-c bond-forming lyases in organic synthesis m brovetto d gamenara p saenz méndez g a seoane chem. rev 111 2011,,C-C bond-forming lyases in organic synthesis,2011.0,Chem. Rev,"Sustainability, Metrics & Industrialization",section_only,1.0,"Sustainability, Metrics & Industrialization",section_only,03_Bell_2021_NatRevMethodsPrimers,
green chemistry and catalysis: an odyssey r a sheldon factors chem. commun 2008,,Green Chemistry and Catalysis: An Odyssey,2008.0,Chem. Commun,"Sustainability, Metrics & Industrialization",paper_only,1.0,"Sustainability, Metrics & Industrialization",paper_only,02_Sheldon_2018_ChemRev,P10:\bPMI\b|\bprocess mass intensity\b|\bE[- ]?factor\b|\batom economy\b|\bgreen (chemistry|metrics)\b
broadening the scope of biocatalytic c-c bond formation l e zetzsche a r h narayan nat. rev. chem 4 2020,,Broadening the scope of biocatalytic C-C bond formation,2020.0,Nat. Rev. Chem,"Sustainability, Metrics & Industrialization",section_only,1.0,"Sustainability, Metrics & Industrialization",section_only,03_Bell_2021_NatRevMethodsPrimers,
10.1002/3527608184,10.1002/3527608184,Industrial Biotransformations,2006.0,Industrial Biotransformations,"Sustainability, Metrics & Industrialization",paper_only,1.0,"Sustainability, Metrics & Industrialization",paper_only,09_Bommarius_2015_AnnuRevChemBiomolEng,P10:\bindustrial\b|\bscale[- ]?up\b|\bGMP\b|\bICH\b|\bQbD\b|\bHAZOP\b|\bTRL\b|\bprocess validation\b
biomass-based green chemistry: sustainable solutions for modern economics r hofer j bigorra green chem. lett. rev 1 2008,,Biomass-based green chemistry: sustainable solutions for modern economics,2008.0,Green Chem. Lett. Rev,"Sustainability, Metrics & Industrialization",paper_only,1.0,"Sustainability, Metrics & Industrialization",paper_only,02_Sheldon_2018_ChemRev,P10:\bPMI\b|\bprocess mass intensity\b|\bE[- ]?factor\b|\batom economy\b|\bgreen (chemistry|metrics)\b
biocatalytic process for (-)-ambrox production using squalene hopene cyclase e eichhorn adv. synth. catal 360 2018,,Biocatalytic process for (-)-ambrox production using squalene hopene cyclase,2018.0,Adv. Synth. Catal,"Sustainability, Metrics & Industrialization",section_priority,1.0,"Sustainability, Metrics & Industrialization",section_priority,03_Bell_2021_NatRevMethodsPrimers,P9:\bcyclase\b|\bSHC\b|\bterpene synthase\b|\bPictet[-– ]Spengler(ase)?\b
biocatalytic oxidation reactions: a chemist's perspective j j dong angew. chem. int. ed 57 2018,,Biocatalytic oxidation reactions: a chemist's perspective,2018.0,Angew. Chem. Int. Ed,"Sustainability, Metrics & Industrialization",section_only,1.0,"Sustainability, Metrics & Industrialization",section_only,03_Bell_2021_NatRevMethodsPrimers,
biocatalytic asymmetric synthesis of chiral amines from ketones applied to sitagliptin manufacture c k savile science 329 2010,,Biocatalytic asymmetric synthesis of chiral amines from ketones applied to sitagliptin manufacture,2010.0,Science,"Sustainability, Metrics & Industrialization",section_only,1.0,"Sustainability, Metrics & Industrialization",section_only,03_Bell_2021_NatRevMethodsPrimers,
biocatalysis in drug developmenthighlights of the recent patent literature d l hughes org. process. res. dev 22 2018,,Biocatalysis in drug developmenthighlights of the recent patent literature,2018.0,Org. Process. Res. Dev,"Sustainability, Metrics & Industrialization",section_only,1.0,"Sustainability, Metrics & Industrialization",section_only,03_Bell_2021_NatRevMethodsPrimers,
