key,pillar_num,pillar,method,confidence,doi,title,year,raw_citation,cited_by_reviews,authors,journal
10.1021/acssynbio.7b00359,2,Design & Engineering,paper_only,1,10.1021/acssynbio.7b00359,“Site and Mutation”-Specific Predictions Enable Minimal Directed Evolution Libraries,2018,“Site and Mutation”-Specific Predictions Enable Minimal Directed Evolution Libraries Jeffrey C Moore 0000-0002-9807-6315 Agustina Rodriguez-Granillo Alejandro Crespo Sridhar Govindarajan Mark Welch Kaori Hiraga Katrina Lexa Nicholas Marshall Matthew D Truppo 0000-0003-4917-7838 10.1021/acssynbio.7b00359 ACS Synthetic Biology ACS Synth. Biol. 2161-5063 7 7 2018 American Chemical Society (ACS),20_Buller_2023_Science,"['Jeffrey C Moore', 'Matthew D. Truppo']",ACS Synthetic Biology
10.1126/science.abn2009,7,Cascade & Route Design,paper_only,1,10.1126/science.abn2009,A chemoenzymatic strategy for site-selective functionalization of native peptides and proteins,2022,A chemoenzymatic strategy for site-selective functionalization of native peptides and proteins Anna Fryszkowska 0000-0003-0872-1497 Chihui An 0000-0001-5403-6859 Oscar Alvizo 0000-0002-3545-1317 Goutami Banerjee Keith A Canada Yang Cao 0000-0002-1956-4784 Duane Demong Paul N Devine Da Duan 0000-0002-6410-1252 David M Elgart 0000-0003-3875-9031 Iman Farasat 0000-0002-2975-803X Donald R Gauthier 0000-0003-2825-0530 Erin N Guidry 0000-0001-6739-9974 Xiujuan Jia 0000-0002-4362-3625 Jongrock Kong 0000-0003-1509-687X Nikki Kruse 0000-0003-4989-3789 Katrina W Lexa 0000-0001-7163-2302 Alexey A Makarov 0000-0003-4866-0430 Benjamin F Mann 0000-0002-2690-4521 Erika M Milczek 0000-0003-3123-2923 Vesna Mitchell 0000-0002-9666-2783 Jovana Nazor 0000-0003-0095-7219 Claudia Neri Robert K Orr 0000-0001-8584-4808 Peter Orth 0000-0002-8475-682X Eric M Phillips 0000-0003-3530-8876 James N Riggins Wes A Schafer 0000-0002-8786-1756 Steven M Silverman 0000-0003-0792-7071 Christopher A Strulson Nandhitha Subramanian 0000-0003-2491-0474 Rama Voladri 0000-0003-3329-6429 Hao Yang 0000-0002-6580-534X Jie Yang Xiang Yi Xiyun Zhang Wendy Zhong 0000-0002-4772-3279 10.1126/science.abn2009 Science Science 0036-8075 1095-9203 376 6599 2022. 2009 American Association for the Advancement of Science (AAAS),20_Buller_2023_Science,"['Anna Fryszkowska', 'Wendy Zhong']",Science
10.1038/nature24621,5,Immobilization & Materials,paper_only,0.572,10.1038/nature24621,A communal catalogue reveals Earth’s multiscale microbial diversity,2017,A communal catalogue reveals Earth’s multiscale microbial diversity Luke R Thompson Jon G Sanders Daniel Mcdonald Amnon Amir Joshua Ladau Kenneth J Locey Robert J Prill Anupriya Tripathi Sean M Gibbons Gail Ackermann Jose A Navas-Molina Stefan Janssen Evguenia Kopylova Yoshiki Vázquez-Baeza Antonio González James T Morton Siavash Mirarab Zhenjiang Zech Xu Lingjing Jiang Mohamed F Haroon Jad Kanbar Qiyun Zhu Se Jin Song Tomasz Kosciolek Nicholas A Bokulich Joshua Lefler Colin J Brislawn Gregory Humphrey Sarah M Owens Jarrad Hampton-Marcell Donna Berg-Lyons Valerie Mckenzie Noah Fierer Jed A Fuhrman Aaron Clauset Rick L Stevens Ashley Shade Katherine S Pollard Kelly D Goodwin Janet K Jansson Jack A Gilbert Rob Knight Jose L Agosto Rivera Lisa Al-Moosawi John Alverdy Katherine R Amato Jason Andras Largus T Angenent Dionysios A Antonopoulos Amy Apprill David Armitage Kate Ballantine Jirˇí Bárta Julia K Baum Allison Berry Ashish Bhatnagar Monica Bhatnagar Jennifer F Biddle Lucie Bittner Bazartseren Boldgiv Eric Bottos Donal M Boyer Josephine Braun William Brazelton Francis Q Brearley Alexandra H Campbell J Gregory Caporaso Cesar Cardona Jolynn Carroll S Craig Cary Brenda B Casper Trevor C Charles Haiyan Chu Danielle C Claar Robert G Clark Jonathan B Clayton Jose C Clemente Alyssa Cochran Maureen L Coleman Gavin Collins Rita R Colwell Mónica Contreras Benjamin B Crary Simon Creer Daniel A Cristol Byron C Crump Duoying Cui Sarah E Daly Liliana Davalos Russell D Dawson Jennifer Defazio Frédéric Delsuc Hebe M Dionisi Maria Gloria Dominguez-Bello Robin Dowell Eric A Dubinsky Peter O Dunn Danilo Ercolini Robert E Espinoza Vanessa Ezenwa Nathalie Fenner Helen S Findlay Irma D Fleming Vincenzo Fogliano Anna Forsman Chris Freeman Elliot S Friedman Giancarlo Galindo Liza Garcia Maria Alexandra Garcia-Amado David Garshelis Robin B Gasser Gunnar Gerdts Molly K Gibson Isaac Gifford Ryan T Gill Tugrul Giray Antje Gittel Peter Golyshin Donglai Gong Hans-Peter Grossart Kristina Guyton Sarah-Jane Haig Vanessa Hale Ross Stephen Hall Steven J Hallam Kim M Handley Nur A Hasan Shane R Haydon Jonathan E Hickman Glida Hidalgo Kirsten S Hofmockel Jeff Hooker Stefan Hulth Jenni Hultman Embriette Hyde Juan Diego Ibáñez-Álamo Julie D Jastrow Aaron R Jex L Scott Johnson Eric R Johnston Stephen Joseph Stephanie D Jurburg Diogo Jurelevicius Anders Karlsson Roger Karlsson Seth Kauppinen Colleen T E Kellogg Suzanne J Kennedy Lee J Kerkhof Gary M King George W Kling Anson V Koehler Monika Krezalek Jordan Kueneman Regina Lamendella Emily M Landon Kelly Lane-Degraaf Julie Laroche Peter Larsen Bonnie Laverock Simon Lax Miguel Lentino Iris I Levin Pierre Liancourt Wenju Liang Alexandra M Linz David A Lipson Yongqin Liu Manuel E Lladser Mariana Lozada Catherine M Spirito Walter P Maccormack Aurora Macrae-Crerar Magda Magris Antonio M Martín-Platero Manuel Martín-Vivaldi L Margarita Martínez Manuel Martínez-Bueno Ezequiel M Marzinelli Olivia U Mason Gregory D Mayer Jamie M Mcdevitt-Irwin James E Mcdonald Krista L Mcguire Katherine D Mcmahon Ryan Mcminds Mónica Medina Joseph R Mendelson Jessica L Metcalf Folker Meyer Fabian Michelangeli Kim Miller David A Mills Jeremiah Minich Stefano Mocali Lucas Moitinho-Silva Anni Moore Rachael M Morgan-Kiss Paul Munroe David Myrold Josh D Neufeld Yingying Ni Graeme W Nicol Shaun Nielsen Jozef I Nissimov Kefeng Niu Matthew J Nolan Karen Noyce Sarah L O’brien Noriko Okamoto Ludovic Orlando Yadira Ortiz Castellano Olayinka Osuolale Wyatt Oswald Jacob Parnell Juan M Peralta-Sánchez Peter Petraitis Catherine Pfister Elizabeth Pilon-Smits Paola Piombino Stephen B Pointing F Joseph Pollock Caitlin Potter Bharath Prithiviraj Christopher Quince Asha Rani Ravi Ranjan Subramanya Rao Andrew P Rees Miles Richardson Ulf Riebesell Carol Robinson Karl J Rockne Selena Marie Rodriguezl Forest Rohwer Wayne Roundstone Rebecca J Safran Naseer Sangwan Virginia Sanz Matthew Schrenk Mark D Schrenzel Nicole M Scott Rita L Seger Andaine Seguin-Orlando Lucy Seldin Lauren M Seyler Baddr Shakhsheer Gabriela M Sheets Congcong Shen Yu Shi Hakdong Shin Benjamin D Shogan Dave Shutler Jeffrey Siegel Steve Simmons Sara Sjöling Daniel P Smith Juan J Soler Martin Sperling Peter D Steinberg Brent Stephens Melita A Stevens Safiyh Taghavi Vera Tai Karen Tait Chia L Tan Neslihan Tas¸ D Lee Taylor Torsten Thomas Ina Timling Benjamin L Turner Tim Urich Luke K Ursell Daniel Van Der Lelie William Van Treuren Lukas Van Zwieten Daniela Vargas-Robles Rebecca Vega Thurber Paola Vitaglione Donald A Walker William A Walters Shi Wang Tao Wang Tom Weaver Nicole S Webster Beck Wehrle Pamela Weisenhorn Sophie Weiss Jeffrey J Werner Kristin West Andrew Whitehead Susan R Whitehead Linda A Whittingham Eske Willerslev Allison E Williams Stephen A Wood Douglas C Woodhams Yeqin Yang Jesse Zaneveld Iratxe Zarraonaindia Qikun Zhang Hongxia Zhao 10.1038/nature24621 Nature Nature 0028-0836 1476-4687 551 7681 2017 Springer Science and Business Media LLC,20_Buller_2023_Science,"['Luke R. Thompson', 'Hongxia Zhao']",Nature
10.1038/s41586-022-05335-3,6,Cofactor & Energy Management,paper_only,1,10.1038/s41586-022-05335-3,A designed photoenzyme for enantioselective [2+2] cycloadditions,2022,A designed photoenzyme for enantioselective [2+2] cycloadditions Jonathan S Trimble Rebecca Crawshaw 0000-0002-1574-6687 Florence J Hardy 0000-0003-0671-0209 Colin W Levy Murray J B Brown 0000-0002-2393-7686 Douglas E Fuerst Derren J Heyes 0000-0002-7453-1571 Richard Obexer 0000-0002-4940-3543 Anthony P Green 0000-0003-0454-1798 10.1038/s41586-022-05335-3 Nature Nature 0028-0836 1476-4687 611 7937 2022 Springer Science and Business Media LLC,20_Buller_2023_Science,"['Jonathan S. Trimble', 'Anthony P. Green']",Nature
10.1038/s41586-022-04422-9,7,Cascade & Route Design,paper_only,1,10.1038/s41586-022-04422-9,A kinase-cGAS cascade to synthesize a therapeutic STING activator,2022,A kinase-cGAS cascade to synthesize a therapeutic STING activator John A Mcintosh 0000-0002-9487-490X Zhijian Liu Brian M Andresen 0000-0002-9645-3359 Nastaran Salehi Marzijarani 0000-0001-8940-4674 Jeffrey C Moore 0000-0002-9807-6315 Nicholas M Marshall Margie Borra-Garske Jennifer V Obligacion Patrick S Fier Feng Peng Jacob H Forstater Matthew S Winston Chihui An Wonsuk Chang Jongwon Lim Mark A Huffman Steven P Miller 0000-0001-8615-274X Fuh-Rong Tsay Michael D Altman Charles A Lesburg 0000-0001-7245-7331 Dietrich Steinhuebel B Wesley Trotter 0000-0002-6780-0358 Jared N Cumming Alan Northrup Xiaodong Bu Benjamin F Mann Mirlinda Biba Kaori Hiraga Grant S Murphy 0000-0003-0388-0309 Joshua N Kolev Amanda Makarewicz Weilan Pan Iman Farasat Rachel S Bade 0000-0002-5384-9687 Kevin Stone Da Duan Oscar Alvizo Donovan Adpressa Erik Guetschow Erik Hoyt Erik L Regalado 0000-0002-7352-6391 Steve Castro Nelo Rivera Joseph P Smith 0000-0002-0062-2534 Fengqiang Wang Alejandro Crespo Deeptak Verma 0000-0003-0740-0624 Stephanus Axnanda 0000-0002-7239-9220 Zachary E X Dance 0000-0003-1807-7930 Paul N Devine David Tschaen Keith A Canada Paul G Bulger Benjamin D Sherry Matthew D Truppo Rebecca T Ruck 0000-0001-9980-9675 Louis-Charles Campeau 0000-0002-2373-802X David Jonathan Bennett 0000-0003-0163-7479 Guy R Humphrey Kevin R Campos Matthew L Maddess 10.1038/s41586-022-04422-9 Nature Nature 0028-0836 1476-4687 603 7901 2022 Springer Science and Business Media LLC,20_Buller_2023_Science,"['John A. McIntosh', 'Matthew L. Maddess']",Nature
10.21203/rs.3.rs-2922796/v1,2,Design & Engineering,paper_only,1,10.21203/rs.3.rs-2922796/v1,A Non-Canonical Nucleophile Unlocks a New Mechanistic Pathway in a Designed Enzyme,2023,A Non-Canonical Nucleophile Unlocks a New Mechanistic Pathway in a Designed Enzyme Amy Crossley Rebecca Crawshaw Florence Hardy 0000-0003-0671-0209 Linus Johannissen Thomas Lister Emilie Gérard Zachary Birch-Price Richard Obexer Sam Hay 0000-0003-3274-0938 Anthony Green 0000-0003-0454-1798 10.21203/rs.3.rs-2922796/v1 Research Square 2023 Springer Science and Business Media LLC Preprint,20_Buller_2023_Science,"['Amy Crossley', 'Anthony Green']",Research Square
10.1126/science.aah5237,2,Design & Engineering,paper_only,1,10.1126/science.aah5237,A synthetic pathway for the fixation of carbon dioxide in vitro,2016,A synthetic pathway for the fixation of carbon dioxide in vitro Thomas Schwander Lennart Schada Von Borzyskowski Simon Burgener Niña Socorro Cortina Tobias J Erb 10.1126/science.aah5237 Science Science 0036-8075 1095-9203 354 6314 2016 American Association for the Advancement of Science (AAAS),20_Buller_2023_Science,"['Thomas Schwander', 'Tobias J. Erb']",Science
10.1126/science.abj8754,7,Cascade & Route Design,paper_only,1,10.1126/science.abj8754,Accurate prediction of protein structures and interactions using a three-track neural network,2021,Accurate prediction of protein structures and interactions using a three-track neural network Minkyung Baek 0000-0003-3414-9404 Frank Dimaio 0000-0002-7524-8938 Ivan Anishchenko 0000-0003-3645-2044 Justas Dauparas 0000-0002-0030-144X Sergey Ovchinnikov 0000-0003-2774-2744 Gyu Rie Lee 0000-0002-9119-5303 Jue Wang 0000-0002-1139-6640 Qian Cong 0000-0002-8909-0414 Lisa N Kinch 0000-0003-3041-2615 R Dustin Schaeffer 0000-0001-6502-1425 Claudia Millán 0000-0002-9283-2220 Hahnbeom Park 0000-0002-7129-1912 Carson Adams Caleb R Glassman 0000-0002-3342-7989 Andy Degiovanni Jose H Pereira 0000-0002-8456-1774 Andria V Rodrigues Alberdina A Van Dijk Ana C Ebrecht 0000-0002-6471-4964 Diederik J Opperman 0000-0002-2737-8797 Theo Sagmeister 0000-0002-6703-5510 Christoph Buhlheller 0000-0001-9358-5316 Tea Pavkov-Keller 0000-0001-7871-6680 Manoj K Rathinaswamy 0000-0001-5584-4313 Udit Dalwadi Calvin K Yip 0000-0003-1779-9501 John E Burke 0000-0001-7904-9859 K Christopher Garcia 0000-0001-9273-0278 Nick V Grishin 0000-0003-4108-1153 Paul D Adams 0000-0001-9333-8219 Randy J Read 0000-0001-8273-0047 David Baker 0000-0001-7896-6217 10.1126/science.abj8754 Science Science 0036-8075 1095-9203 373 6557 2021 American Association for the Advancement of Science (AAAS),20_Buller_2023_Science,"['Minkyung Baek', 'David Baker']",Science
10.1038/s41592-022-01685-y,5,Immobilization & Materials,paper_only,0.574,10.1038/s41592-022-01685-y,AlphaFill: enriching AlphaFold models with ligands and cofactors,2023,AlphaFill: enriching AlphaFold models with ligands and cofactors Maarten L Hekkelman 0000-0002-9081-4707 Ida De Vries 0000-0002-8313-7779 Robbie P Joosten 0000-0002-2323-2686 Anastassis Perrakis 0000-0002-1151-6227 10.1038/s41592-022-01685-y Nature Methods Nat Methods 1548-7091 1548-7105 20 2 2023 Springer Science and Business Media LLC,20_Buller_2023_Science,"['Maarten L. Hekkelman', 'Anastassis Perrakis']",Nature Methods
10.1038/s41586-020-2149-4,5,Immobilization & Materials,paper_only,1,10.1038/s41586-020-2149-4,An engineered PET depolymerase to break down and recycle plastic bottles,2020,An engineered PET depolymerase to break down and recycle plastic bottles V Tournier C M Topham 0000-0002-9147-0184 A Gilles B David C Folgoas E Moya-Leclair E Kamionka M-L Desrousseaux H Texier S Gavalda M Cot E Guémard M Dalibey J Nomme G Cioci S Barbe M Chateau I André 0000-0001-6280-4109 S Duquesne A Marty 10.1038/s41586-020-2149-4 Nature Nature 0028-0836 1476-4687 580 7802 2020 Springer Science and Business Media LLC,20_Buller_2023_Science,"['V. Tournier', 'A. Marty']",Nature
10.1126/science.add5892,5,Immobilization & Materials,paper_only,0.655,10.1126/science.add5892,An enzyme cascade enables production of therapeutic oligonucleotides in a single operation,2023,An enzyme cascade enables production of therapeutic oligonucleotides in a single operation E R Moody 0000-0001-9296-6408 R Obexer 0000-0002-4940-3543 F Nickl 0000-0003-3127-1033 R Spiess S L Lovelock 0000-0002-4584-3189 10.1126/science.add5892 Science Science 0036-8075 1095-9203 380 6650 2023 American Association for the Advancement of Science (AAAS),20_Buller_2023_Science,"['E. R. Moody', 'S. L. Lovelock']",Science
10.1038/s43586-021-00044-z,2,Design & Engineering,section_only,1,10.1038/s43586-021-00044-z,Biocatalysis,2021,Biocatalysis Elizabeth L Bell 0000-0002-8247-743X William Finnigan 0000-0002-1061-7800 Scott P France 0000-0003-1679-6165 Anthony P Green Martin A Hayes 0000-0002-2640-8464 Lorna J Hepworth 0000-0003-2552-6861 Sarah L Lovelock 0000-0002-4584-3189 Haruka Niikura 0000-0001-6732-6978 Sílvia Osuna 0000-0003-3657-6469 Elvira Romero 0000-0003-4199-9458 Katherine S Ryan 0000-0003-1643-1940 Nicholas J Turner Sabine L Flitsch 0000-0003-3974-646X 10.1038/s43586-021-00044-z Nature Reviews Methods Primers Nat Rev Methods Primers 2662-8449 1 1 46 2021 Springer Science and Business Media LLC,20_Buller_2023_Science,"['Elizabeth L. Bell', 'Sabine L. Flitsch']",Nature Reviews Methods Primers
10.1039/9781839169113,7,Cascade & Route Design,paper_only,1,10.1039/9781839169113,Biocatalysis in Organic Synthesis: The Retrosynthesis Approach,2018,Biocatalysis in Organic Synthesis: The Retrosynthesis Approach Nicholas J Turner Luke Humphreys 10.1039/9781839169113 2018 The Royal Society of Chemistry,20_Buller_2023_Science,"['Nicholas J Turner', 'Luke Humphreys']",Biocatalysis in Organic Synthesis: The Retrosynthesis Approach
10.1002/anie.201610129,2,Design & Engineering,paper_only,1,10.1002/anie.201610129,Biocatalysis with Unnatural Amino Acids: Enzymology Meets Xenobiology,2017,Biocatalysis with Unnatural Amino Acids: Enzymology Meets Xenobiology Federica Agostini Jan‐stefan Völler Beate Koksch Carlos G Acevedo‐rocha Vladimir Kubyshkin Nediljko Budisa 10.1002/anie.201610129 Angewandte Chemie International Edition Angew Chem Int Ed 1433-7851 1521-3773 56 33 2017 Wiley,20_Buller_2023_Science,"['Federica Agostini', 'Nediljko Budisa']",Angewandte Chemie International Edition
10.1002/adsc.201800132,3,Biocatalyst Formats & Cellular Context,paper_only,0.72,10.1002/adsc.201800132,Biocatalytic Process for (−)‐Ambrox Production Using Squalene Hopene Cyclase,2015,Biocatalytic Process for (−)‐Ambrox Production Using Squalene Hopene Cyclase Eric Eichhorn Esther Locher Sabrina Guillemer Denis Wahler Laurent Fourage Boris Schilling 10.1002/adsc.201800132 Advanced Synthesis & Catalysis Adv Synth Catal 1615-4150 1615-4169 360 12 2016. 2015 Wiley,20_Buller_2023_Science,"['Eric Eichhorn', 'Boris Schilling']",Advanced Synthesis & Catalysis
10.1002/anie.201611063,5,Immobilization & Materials,paper_only,1,10.1002/anie.201611063,Biocatalytic Total Synthesis of Ikarugamycin,2017,Biocatalytic Total Synthesis of Ikarugamycin Christian Greunke Anna Glöckle Janine Antosch Tobias A M Gulder 0000-0001-6013-3161 10.1002/anie.201611063 Angewandte Chemie International Edition Angew Chem Int Ed 1433-7851 1521-3773 56 15 2017 Wiley,20_Buller_2023_Science,"['Christian Greunke', 'Tobias A. M. Gulder']",Angewandte Chemie International Edition
10.2533/chimia.2023.384,5,Immobilization & Materials,paper_only,0.783,10.2533/chimia.2023.384,Biotechnology – A Tool to Transform Givaudan’s Fragrance Ingredients Palette,2023,Biotechnology – A Tool to Transform Givaudan’s Fragrance Ingredients Palette Eric Eichhorn Corinne Baumgartner Marc Biermann 10.2533/chimia.2023.384 CHIMIA Chimia 0009-4293 2673-2424 77 6 2023 Swiss Chemical Society,20_Buller_2023_Science,"['Eric Eichhorn', 'Marc Biermann']",CHIMIA
10.1038/s41929-018-0105-6,9,Reaction Space & Enzyme Portfolios,paper_only,1,10.1038/s41929-018-0105-6,Capture and characterization of a reactive haem–carbenoid complex in an artificial metalloenzyme,2018,Capture and characterization of a reactive haem–carbenoid complex in an artificial metalloenzyme Takahiro Hayashi Matthias Tinzl Takahiro Mori Ute Krengel Jonny Proppe Janne Soetbeer 0000-0003-0008-3494 Daniel Klose Gunnar Jeschke Markus Reiher Donald Hilvert 10.1038/s41929-018-0105-6 Nature Catalysis Nat Catal 2520-1158 1 8 2018 Springer Science and Business Media LLC,20_Buller_2023_Science,"['Takahiro Hayashi', 'Donald Hilvert']",Nature Catalysis
10.1038/s41557-018-0059-y,6,Cofactor & Energy Management,paper_only,1,10.1038/s41557-018-0059-y,Catalytic promiscuity enabled by photoredox catalysis in nicotinamide-dependent oxidoreductases,2018,Catalytic promiscuity enabled by photoredox catalysis in nicotinamide-dependent oxidoreductases Kyle F Biegasiewicz Simon J Cooper Megan A Emmanuel David C Miller Todd K Hyster 0000-0003-3560-355X 10.1038/s41557-018-0059-y Nature Chemistry Nature Chem 1755-4330 1755-4349 10 7 2018 Springer Science and Business Media LLC,20_Buller_2023_Science,"['Kyle F. Biegasiewicz', 'Todd K. Hyster']",Nature Chemistry
10.1126/science.abh4049,2,Design & Engineering,paper_only,0.7,10.1126/science.abh4049,Cell-free chemoenzymatic starch synthesis from carbon dioxide,2021,Cell-free chemoenzymatic starch synthesis from carbon dioxide Tao Cai 0000-0002-2089-7770 Hongbing Sun 0000-0003-3733-5202 Jing Qiao 0000-0001-6581-3094 Leilei Zhu 0000-0002-7611-099X Fan Zhang Jie Zhang Zijing Tang 0000-0002-0899-6151 Xinlei Wei 0000-0003-0889-5147 Jiangang Yang Qianqian Yuan 0000-0002-0749-0749 Wangyin Wang 0000-0002-4522-7677 Xue Yang 0000-0002-6595-6498 Huanyu Chu Qian Wang Chun You 0000-0003-2305-336X Hongwu Ma 0000-0001-5325-2314 Yuanxia Sun Yin Li 0000-0003-0995-3070 Can Li 0000-0002-9301-7850 Huifeng Jiang 0000-0002-3757-7896 Qinhong Wang 0000-0003-0004-2721 Yanhe Ma 0000-0003-0616-8632 10.1126/science.abh4049 Science Science 0036-8075 1095-9203 373 6562 2021 American Association for the Advancement of Science (AAAS),20_Buller_2023_Science,"['Tao Cai', 'Yanhe Ma']",Science
10.1038/s41576-019-0186-3,3,Biocatalyst Formats & Cellular Context,paper_only,1,10.1038/s41576-019-0186-3,Cell-free gene expression: an expanded repertoire of applications,2020,Cell-free gene expression: an expanded repertoire of applications Adam D Silverman 0000-0002-1990-6609 Ashty S Karim 0000-0002-5789-7715 Michael C Jewett 0000-0003-2948-6211 10.1038/s41576-019-0186-3 Nature Reviews Genetics Nat Rev Genet 1471-0056 1471-0064 21 3 2020 Springer Science and Business Media LLC,20_Buller_2023_Science,"['Adam D. Silverman', 'Michael C. Jewett']",Nature Reviews Genetics
10.1038/s41467-018-04964-5,1,Discovery & Sourcing of Biocatalysts,paper_only,1,10.1038/s41467-018-04964-5,Clustering huge protein sequence sets in linear time,2018,Clustering huge protein sequence sets in linear time Martin Steinegger 0000-0001-8781-9753 Johannes Söding 0000-0001-9642-8244 10.1038/s41467-018-04964-5 Nature Communications Nat Commun 2041-1723 9 1 2542 2018 Springer Science and Business Media LLC,20_Buller_2023_Science,"['Martin Steinegger', 'Johannes Söding']",Nature Communications
10.1038/s41586-023-06027-2,9,Reaction Space & Enzyme Portfolios,paper_only,1,10.1038/s41586-023-06027-2,Complete integration of carbene-transfer chemistry into biosynthesis,2023,Complete integration of carbene-transfer chemistry into biosynthesis Jing Huang Andrew Quest Pablo Cruz-Morales Kai Deng Jose Henrique Pereira Devon Van Cura 0000-0003-4604-1193 Ramu Kakumanu Edward E K Baidoo Qingyun Dan Yan Chen Christopher J Petzold 0000-0002-8270-5228 Trent R Northen 0000-0001-8404-3259 Paul D Adams 0000-0001-9333-8219 Douglas S Clark Emily P Balskus 0000-0001-5985-5714 John F Hartwig 0000-0002-4157-468X Aindrila Mukhopadhyay 0000-0002-6513-7425 Jay D Keasling 0000-0003-4170-6088 10.1038/s41586-023-06027-2 Nature Nature 0028-0836 1476-4687 617 7960 2023 Springer Science and Business Media LLC,20_Buller_2023_Science,"['Jing Huang', 'Jay D. Keasling']",Nature
10.1126/science.1190239,2,Design & Engineering,paper_only,1,10.1126/science.1190239,Computational Design of an Enzyme Catalyst for a Stereoselective Bimolecular Diels-Alder Reaction,2010,Computational Design of an Enzyme Catalyst for a Stereoselective Bimolecular Diels-Alder Reaction Justin B Siegel Alexandre Zanghellini Helena M Lovick Gert Kiss Abigail R Lambert Jennifer L St.Clair Jasmine L Gallaher Donald Hilvert Michael H Gelb Barry L Stoddard Kendall N Houk Forrest E Michael David Baker 10.1126/science.1190239 Science Science 0036-8075 1095-9203 329 5989 2010 American Association for the Advancement of Science (AAAS),20_Buller_2023_Science,"['Justin B. Siegel', 'David Baker']",Science
10.1038/s42003-019-0505-4,2,Design & Engineering,paper_only,0.736,10.1038/s42003-019-0505-4,Cryo-EM and directed evolution reveal how Arabidopsis nitrilase specificity is influenced by its quaternary structure,2019,Cryo-EM and directed evolution reveal how Arabidopsis nitrilase specificity is influenced by its quaternary structure Andani E Mulelu 0000-0002-4412-270X Angela M Kirykowicz Jeremy D Woodward 0000-0002-7350-8302 10.1038/s42003-019-0505-4 Communications Biology Commun Biol 2399-3642 2 1 260 2019 Springer Science and Business Media LLC,20_Buller_2023_Science,"['Andani E. Mulelu', 'Jeremy D. Woodward']",Communications Biology
10.1021/acscatal.9b04691,2,Design & Engineering,paper_only,1,10.1021/acscatal.9b04691,Directed Evolution of an Fe<sup>II</sup>-Dependent Halogenase for Asymmetric C(sp<sup>3</sup>)–H Chlorination,2020,Directed Evolution of an Fe<sup>II</sup>-Dependent Halogenase for Asymmetric C(sp<sup>3</sup>)–H Chlorination Sabine Duewel Luca Schmermund 0000-0002-5820-2647 Tabea Faber Klaus Harms Vasundara Srinivasan Eric Meggers 0000-0002-8851-7623 Sabrina Hoebenreich 0000-0002-4715-7123 10.1021/acscatal.9b04691 ACS Catalysis ACS Catal. 2155-5435 10 2 2020 American Chemical Society (ACS),20_Buller_2023_Science,"['Sabine Duewel', 'Sabrina Hoebenreich']",ACS Catalysis
10.1002/anie.201411901,2,Design & Engineering,paper_only,0.733,10.1002/anie.201411901,Directed Evolution of RebH for Site‐Selective Halogenation of Large Biologically Active Molecules,2015,Directed Evolution of RebH for Site‐Selective Halogenation of Large Biologically Active Molecules James T Payne Catherine B Poor Jared C Lewis 10.1002/anie.201411901 Angewandte Chemie International Edition Angew Chem Int Ed 1433-7851 1521-3773 54 14 2015 Wiley,20_Buller_2023_Science,"['James T. Payne', 'Jared C. Lewis']",Angewandte Chemie International Edition
10.1002/jez.b.22562,2,Design & Engineering,paper_only,1,10.1002/jez.b.22562,Dynamics and constraints of enzyme evolution,2014,Dynamics and constraints of enzyme evolution Miriam Kaltenbach Nobuhiko Tokuriki 10.1002/jez.b.22562 Journal of Experimental Zoology Part B: Molecular and Developmental Evolution J Exp Zool Pt B 1552-5007 1552-5015 322 7 2014 Wiley,20_Buller_2023_Science,"['Miriam Kaltenbach', 'Nobuhiko Tokuriki']",Journal of Experimental Zoology Part B: Molecular and Developmental Evolution
10.1073/pnas.1720115115,2,Design & Engineering,paper_only,1,10.1073/pnas.1720115115,Earth BioGenome Project: Sequencing life for the future of life,2018,Earth BioGenome Project: Sequencing life for the future of life Harris A Lewin Gene E Robinson W John Kress William J Baker Jonathan Coddington Keith A Crandall 0000-0002-0836-3389 Richard Durbin Scott V Edwards 0000-0003-2535-6217 Félix Forest M Thomas P Gilbert Melissa M Goldstein Igor V Grigoriev Kevin J Hackett David Haussler Erich D Jarvis Warren E Johnson Aristides Patrinos Stephen Richards Juan Carlos Castilla-Rubio Marie-Anne Van Sluys Pamela S Soltis Xun Xu Huanming Yang Guojie Zhang 10.1073/pnas.1720115115 Proceedings of the National Academy of Sciences Proc. Natl. Acad. Sci. U.S.A. 0027-8424 1091-6490 115 17 2018 Proceedings of the National Academy of Sciences,20_Buller_2023_Science,"['Harris A. Lewin', 'Guojie Zhang']",Proceedings of the National Academy of Sciences
10.1038/s41592-022-01763-1,8,"Reactors, Flow & In-Line Operations",paper_only,1,10.1038/s41592-022-01763-1,EnzymeML: seamless data flow and modeling of enzymatic data,2023,EnzymeML: seamless data flow and modeling of enzymatic data Simone Lauterbach Hannah Dienhart Jan Range Stephan Malzacher Jan-Dirk Spöring 0000-0002-5656-3537 Dörte Rother Maria Filipa Pinto 0000-0002-6337-3459 Pedro Martins Colton E Lagerman Andreas S Bommarius 0000-0003-4658-1675 Amalie Vang Høst John M Woodley 0000-0002-7976-2483 Sandile Ngubane 0000-0003-4930-4526 Tukayi Kudanga 0000-0003-0958-9846 Frank T Bergmann 0000-0001-5553-4702 Johann M Rohwer 0000-0001-6288-8904 Dorothea Iglezakis 0000-0002-8524-0569 Andreas Weidemann Ulrike Wittig 0000-0002-9077-5664 Carsten Kettner 0000-0002-8697-6842 Neil Swainston Santiago Schnell 0000-0002-9477-3914 Jürgen Pleiss 0000-0003-1045-8202 10.1038/s41592-022-01763-1 Nature Methods Nat Methods 1548-7091 1548-7105 20 2023 Springer Science and Business Media LLC,20_Buller_2023_Science,"['Simone Lauterbach', 'Jürgen Pleiss']",Nature Methods
10.1002/cmdc.202300127,10,"Sustainability, Metrics & Industrialization",paper_only,1,10.1002/cmdc.202300127,European Medicinal Chemistry Leaders in Industry (EMCL) – On the Status and Future of Medicinal Chemistry Research in Europe**,2023,European Medicinal Chemistry Leaders in Industry (EMCL) – On the Status and Future of Medicinal Chemistry Research in Europe** Amjad Ali Marcus Bauser Sophie Bertrand 0000-0002-7159-1157 Wesley Blackaby Christoph Boss 0000-0001-8838-8190 Martin Bossart Adrian Hall 0000-0001-7869-6835 Hayley Binch Werngard Czechtizky 0000-0003-4487-2399 Harrie Gijsen 0000-0001-8020-4828 Helmut Haning Ingo V Hartung 0000-0001-8750-679X Paul Kilburn Gilbert Lassalle 0009-0006-7863-6844 Ulrich Lücking 0000-0003-2466-5800 Jürgen Mack Martin Missbach Leena Otsomaa 0000-0002-9623-1406 Antoni Torrens 0009-0004-6587-0362 Michael Wagner Magnus Walter 0000-0002-8056-0985 Harald Weinstabl 0000-0003-1308-2730 Luc Van Hijfte 0000-0002-5874-3443 Franz Von Nussbaum 10.1002/cmdc.202300127 ChemMedChem ChemMedChem 1860-7179 1860-7187 18 13 202300127 2023 Wiley,20_Buller_2023_Science,"['Amjad Ali', 'Franz von Nussbaum']",ChemMedChem
10.1126/science.ade2574,1,Discovery & Sourcing of Biocatalysts,paper_only,0.82,10.1126/science.ade2574,Evolutionary-scale prediction of atomic-level protein structure with a language model,2023,Evolutionary-scale prediction of atomic-level protein structure with a language model Zeming Lin 0000-0002-0883-1373 Halil Akin 0000-0003-1666-3223 Roshan Rao 0000-0003-4412-3742 Brian Hie 0000-0003-3224-8142 Zhongkai Zhu Wenting Lu Nikita Smetanin Robert Verkuil 0000-0001-9533-7623 Ori Kabeli 0000-0002-4153-2463 Yaniv Shmueli 0000-0002-3581-2485 Allan Dos Santos Costa 0000-0001-8061-339X Maryam Fazel-Zarandi Tom Sercu 0000-0003-2947-6064 Salvatore Candido 0000-0002-5847-0617 Alexander Rives 0000-0003-2208-0796 10.1126/science.ade2574 Science Science 0036-8075 1095-9203 379 6637 2023 American Association for the Advancement of Science (AAAS),20_Buller_2023_Science,"['Zeming Lin', 'Alexander Rives']",Science
10.1002/anie.201409470,2,Design & Engineering,paper_only,1,10.1002/anie.201409470,Expanding the Enzyme Universe: Accessing Non‐Natural Reactions by Mechanism‐Guided Directed Evolution,2015,Expanding the Enzyme Universe: Accessing Non‐Natural Reactions by Mechanism‐Guided Directed Evolution Hans Renata Z Jane Wang Frances H Arnold 10.1002/anie.201409470 Angewandte Chemie International Edition Angew Chem Int Ed 1433-7851 1521-3773 54 11 2015 Wiley,20_Buller_2023_Science,"['Hans Renata', 'Frances H. Arnold']",Angewandte Chemie International Edition
10.1021/acs.chemrev.2c00454,7,Cascade & Route Design,paper_only,1,10.1021/acs.chemrev.2c00454,Expanding the Synthetic Toolbox through Metal–Enzyme Cascade Reactions,2023,Expanding the Synthetic Toolbox through Metal–Enzyme Cascade Reactions Sergio González-Granda Jesús Albarrán-Velo Iván Lavandera 0000-0003-4857-4428 Vicente Gotor-Fernández 0000-0002-9998-0656 10.1021/acs.chemrev.2c00454 Chemical Reviews Chem. Rev. 0009-2665 1520-6890 123 9 2023 American Chemical Society (ACS) pmid,20_Buller_2023_Science,"['Sergio González-Granda', 'Vicente Gotor-Fernández']",Chemical Reviews
10.1021/jacs.1c04334,2,Design & Engineering,paper_only,1,10.1021/jacs.1c04334,Ground-State Electron Transfer as an Initiation Mechanism for Biocatalytic C–C Bond Forming Reactions,2021,Ground-State Electron Transfer as an Initiation Mechanism for Biocatalytic C–C Bond Forming Reactions Haigen Fu Heather Lam Megan A Emmanuel Ji Hye Kim Braddock A Sandoval Todd K Hyster 0000-0003-3560-355X 10.1021/jacs.1c04334 Journal of the American Chemical Society J. Am. Chem. Soc. 0002-7863 1520-5126 143 25 2021 American Chemical Society (ACS),20_Buller_2023_Science,"['Haigen Fu', 'Todd K. Hyster']",Journal of the American Chemical Society
10.1038/s43586-022-00119-5,8,"Reactors, Flow & In-Line Operations",paper_only,1,10.1038/s43586-022-00119-5,In vivo hypermutation and continuous evolution,2022,In vivo hypermutation and continuous evolution Rosana S Molina Gordon Rix Amanuella A Mengiste Beatriz Álvarez 0000-0002-9613-5473 Daeje Seo Haiqi Chen Juan E Hurtado Qiong Zhang 0000-0001-6029-4651 Jorge Donato García-García Zachary J Heins 0000-0002-4058-0017 Patrick J Almhjell 0000-0003-0977-841X Frances H Arnold 0000-0002-4027-364X Ahmad S Khalil 0000-0002-8214-0546 Andrew D Hanson John E Dueber David V Schaffer 0000-0002-9625-0121 Fei Chen Seokhee Kim 0000-0003-0806-583X Luis Ángel Fernández Matthew D Shoulders 0000-0002-6511-3431 Chang C Liu 10.1038/s43586-022-00119-5 Nature Reviews Methods Primers Nat Rev Methods Primers 2662-8449 2 1 37073402 2022 Springer Science and Business Media LLC pmid,20_Buller_2023_Science,"['Rosana S. Molina', 'Chang C. Liu']",Nature Reviews Methods Primers
10.1128/aem.06725-11,1,Discovery & Sourcing of Biocatalysts,paper_only,0.65,10.1128/aem.06725-11,Isolation of a Novel Cutinase Homolog with Polyethylene Terephthalate-Degrading Activity from Leaf-Branch Compost by Using a Metagenomic Approach,2012,Isolation of a Novel Cutinase Homolog with Polyethylene Terephthalate-Degrading Activity from Leaf-Branch Compost by Using a Metagenomic Approach Sintawee Sulaiman Saya Yamato Eiko Kanaya Joong-Jae Kim Yuichi Koga Kazufumi Takano Shigenori Kanaya 10.1128/aem.06725-11 Applied and Environmental Microbiology Appl Environ Microbiol 0099-2240 1098-5336 78 5 2012 American Society for Microbiology pmid,20_Buller_2023_Science,"['Sintawee Sulaiman', 'Shigenori Kanaya']",Applied and Environmental Microbiology
k buchholz v kasche u t bornscheuer biocatalysts and enzyme technology wiley-vch 2 2012,2,Design & Engineering,section_only,1,,Biocatalysts and Enzyme Technology,2012,K Buchholz V Kasche U T Bornscheuer Biocatalysts and Enzyme Technology Wiley-Vch 2 2012,20_Buller_2023_Science,[],Biocatalysts and Enzyme Technology
10.1038/nmeth.2918,10,"Sustainability, Metrics & Industrialization",paper_only,1,10.1038/nmeth.2918,Large-scale de novo DNA synthesis: technologies and applications,2014,Large-scale de novo DNA synthesis: technologies and applications Sriram Kosuri George M Church 10.1038/nmeth.2918 Nature Methods Nat Methods 1548-7091 1548-7105 11 5 2014 Springer Science and Business Media LLC,20_Buller_2023_Science,"['Sriram Kosuri', 'George M Church']",Nature Methods
10.1073/pnas.1901979116,2,Design & Engineering,paper_only,0.625,10.1073/pnas.1901979116,Machine learning-assisted directed protein evolution with combinatorial libraries,2019,Machine learning-assisted directed protein evolution with combinatorial libraries Zachary Wu S B Jennifer Kan Russell D Lewis 0000-0002-5776-7347 Bruce J Wittmann Frances H Arnold 10.1073/pnas.1901979116 Proceedings of the National Academy of Sciences Proc. Natl. Acad. Sci. U.S.A. 0027-8424 1091-6490 116 18 2019 Proceedings of the National Academy of Sciences,20_Buller_2023_Science,"['Zachary Wu', 'Frances H. Arnold']",Proceedings of the National Academy of Sciences
10.1021/acscatal.1c02786,2,Design & Engineering,paper_only,1,10.1021/acscatal.1c02786,Machine-Directed Evolution of an Imine Reductase for Activity and Stereoselectivity,2021,Machine-Directed Evolution of an Imine Reductase for Activity and Stereoselectivity Eric J Ma Elina Siirola Charles Moore Arkadij Kummer Markus Stoeckli Michael Faller Caroline Bouquet Fabian Eggimann Mathieu Ligibel Dan Huynh Geoffrey Cutler Luca Siegrist Richard A Lewis 0000-0002-5478-8599 Anne-Christine Acker Ernst Freund Elke Koch Markus Vogel Holger Schlingensiepen Edward J Oakeley Radka Snajdrova 0000-0002-4809-1066 10.1021/acscatal.1c02786 ACS Catalysis ACS Catal. 2155-5435 11 20 2021 American Chemical Society (ACS),20_Buller_2023_Science,"['Eric J. Ma', 'Radka Snajdrova']",ACS Catalysis
10.1093/nar/gkac1080,1,Discovery & Sourcing of Biocatalysts,paper_only,1,10.1093/nar/gkac1080,MGnify: the microbiome sequence data analysis resource in 2023,2023,MGnify: the microbiome sequence data analysis resource in 2023 Lorna Richardson 0000-0002-3655-5660 Ben Allen Germana Baldi Martin Beracochea Maxwell L Bileschi Tony Burdett 0000-0002-2513-5396 Josephine Burgin 0000-0002-9818-1094 Juan Caballero-Pérez 0000-0002-6160-3644 Guy Cochrane 0000-0001-7954-7057 Lucy J Colwell Tom Curtis Alejandra Escobar-Zepeda Tatiana A Gurbich 0000-0002-7537-8871 Varsha Kale Anton Korobeynikov Shriya Raj 0000-0002-1973-6347 Alexander B Rogers Ekaterina Sakharova Santiago Sanchez Darren J Wilkinson Robert D Finn 0000-0001-8626-2148 10.1093/nar/gkac1080 Nucleic Acids Research 0305-1048 1362-4962 51 D1 2023 Oxford University Press (OUP),20_Buller_2023_Science,"['Lorna Richardson', 'Robert D Finn']",Nucleic Acids Research
10.1021/jacs.2c12004,9,Reaction Space & Enzyme Portfolios,paper_only,1,10.1021/jacs.2c12004,MicroED Structure of a Protoglobin Reactive Carbene Intermediate,2023,MicroED Structure of a Protoglobin Reactive Carbene Intermediate Emma Danelius 0000-0002-7322-9661 Nicholas J Porter 0000-0002-9803-5310 Johan Unge Frances H Arnold 0000-0002-4027-364X Tamir Gonen 0000-0002-9254-4069 10.1021/jacs.2c12004 Journal of the American Chemical Society J. Am. Chem. Soc. 0002-7863 1520-5126 145 13 2023 American Chemical Society (ACS) pmid,20_Buller_2023_Science,"['Emma Danelius', 'Tamir Gonen']",Journal of the American Chemical Society
10.1126/sciadv.adi0263,5,Immobilization & Materials,paper_only,1,10.1126/sciadv.adi0263,Multiplex enzymatic synthesis of DNA with single-base resolution,2023,Multiplex enzymatic synthesis of DNA with single-base resolution Damiano Verardo 0000-0002-8372-1617 Beatrice Adelizzi 0000-0002-7763-8999 Daniel A Rodriguez-Pinzon 0009-0008-2975-6801 Nicolas Moghaddam 0000-0003-2935-9386 Emma Thomée 0009-0000-4585-6089 Tessa Loman 0000-0002-6937-3337 Xavier Godron 0000-0001-5100-2100 Adrian Horgan 0000-0002-3103-0929 10.1126/sciadv.adi0263 Science Advances Sci. Adv. 2375-2548 9 27 263 2023 American Association for the Advancement of Science (AAAS),20_Buller_2023_Science,"['Damiano Verardo', 'Adrian Horgan']",Science Advances
10.1021/acs.accounts.0c00591,2,Design & Engineering,paper_only,1,10.1021/acs.accounts.0c00591,Navigating the Unnatural Reaction Space: Directed Evolution of Heme Proteins for Selective Carbene and Nitrene Transfer,2021,Navigating the Unnatural Reaction Space: Directed Evolution of Heme Proteins for Selective Carbene and Nitrene Transfer Yang Yang 0000-0002-4956-2034 Frances H Arnold 0000-0002-4027-364X 10.1021/acs.accounts.0c00591 Accounts of Chemical Research Acc. Chem. Res. 0001-4842 1520-4898 54 5 2021 American Chemical Society (ACS),20_Buller_2023_Science,"['Yang Yang', 'Frances H. Arnold']",Accounts of Chemical Research
10.1002/cbic.202100507,2,Design & Engineering,paper_only,1,10.1002/cbic.202100507,Oligo Pools as an Affordable Source of Synthetic DNA for Cost‐Effective Library Construction in Protein‐ and Metabolic Pathway Engineering,2022,Oligo Pools as an Affordable Source of Synthetic DNA for Cost‐Effective Library Construction in Protein‐ and Metabolic Pathway Engineering Bastiaan P Kuiper Rianne C Prins Sonja Billerbeck 0000-0002-3092-578X 10.1002/cbic.202100507 ChemBioChem ChemBioChem 1439-4227 1439-7633 23 7 202100507 2022 Wiley RESEARCH,20_Buller_2023_Science,"['Bastiaan P. Kuiper', 'Sonja Billerbeck']",ChemBioChem
10.1038/s41598-023-31777-4,2,Design & Engineering,paper_only,0.658,10.1038/s41598-023-31777-4,Optimizing human α-galactosidase for treatment of Fabry disease,2023,Optimizing human α-galactosidase for treatment of Fabry disease William C Hallows Kristen Skvorak Nick Agard Nikki Kruse Xiyun Zhang Yu Zhu Rachel C Botham Chinping Chng Charu Shukla Jessica Lao Mathew Miller Antoinette Sero Judy Viduya Moulay Hicham Alaoui Ismaili Kerryn Mccluskie Raphael Schiffmann Adam P Silverman Jin-Song Shen Gjalt W Huisman 10.1038/s41598-023-31777-4 Scientific Reports Sci Rep 2045-2322 13 1 4748 2023 Springer Science and Business Media LLC,20_Buller_2023_Science,"['William C. Hallows', 'Gjalt W. Huisman']",Scientific Reports
10.1038/s41467-020-16099-7,7,Cascade & Route Design,paper_only,1,10.1038/s41467-020-16099-7,Photobiocatalytic synthesis of chiral secondary fatty alcohols from renewable unsaturated fatty acids,2020,Photobiocatalytic synthesis of chiral secondary fatty alcohols from renewable unsaturated fatty acids Wuyuan Zhang 0000-0002-3182-5107 Jeong-Hoo Lee Sabry H H Younes Fabio Tonin Peter-Leon Hagedoorn 0000-0001-6342-2022 Harald Pichler 0000-0001-6043-2137 Yoonjin Baeg Jin-Byung Park Robert Kourist 0000-0002-2853-3525 Frank Hollmann 0000-0003-4821-756X 10.1038/s41467-020-16099-7 Nature Communications Nat Commun 2041-1723 11 1 32382158 2020 Springer Science and Business Media LLC pmid,20_Buller_2023_Science,"['Wuyuan Zhang', 'Frank Hollmann']",Nature Communications
10.1039/d0cs01575j,7,Cascade & Route Design,paper_only,1,10.1039/d0cs01575j,Recent trends in biocatalysis,2021,Recent trends in biocatalysis Dong Yi 0000-0003-2594-0464 Thomas Bayer 0000-0002-0656-3280 Christoffel P S Badenhorst 0000-0002-5874-4577 Shuke Wu 0000-0003-0914-9277 Mark Doerr 0000-0003-3270-6895 Matthias Höhne 0000-0002-2542-725X Uwe T Bornscheuer 0000-0003-0685-2696 10.1039/d0cs01575j Chemical Society Reviews Chem. Soc. Rev. 0306-0012 1460-4744 50 14 2021 Royal Society of Chemistry (RSC),20_Buller_2023_Science,"['Dong Yi', 'Uwe T. Bornscheuer']",Chemical Society Reviews
10.1021/jacs.3c03607,6,Cofactor & Energy Management,paper_only,1,10.1021/jacs.3c03607,Regioselective Radical Alkylation of Arenes Using Evolved Photoenzymes,2023,Regioselective Radical Alkylation of Arenes Using Evolved Photoenzymes Claire G Page Jingzhe Cao Daniel G Oblinsky 0000-0001-7460-8260 Samantha N Macmillan 0000-0001-6516-1823 Shiva Dahagam Ruth M Lloyd Simon J Charnock Gregory D Scholes 0000-0003-3336-7960 Todd K Hyster 0000-0003-3560-355X 10.1021/jacs.3c03607 Journal of the American Chemical Society J. Am. Chem. Soc. 0002-7863 1520-5126 145 37199445 2023 American Chemical Society (ACS),20_Buller_2023_Science,"['Claire G. Page', 'Todd K. Hyster']",Journal of the American Chemical Society
10.1371/journal.pcbi.1010483,7,Cascade & Route Design,paper_only,1,10.1371/journal.pcbi.1010483,SPEACH_AF: Sampling protein ensembles and conformational heterogeneity with Alphafold2,2022,SPEACH_AF: Sampling protein ensembles and conformational heterogeneity with Alphafold2 Richard A Stein 0000-0002-0541-7150 Hassane S Mchaourab 0000-0002-5673-0980 10.1371/journal.pcbi.1010483 PLOS Computational Biology PLoS Comput Biol 1553-7358 18 8 e1010483 2022 Public Library of Science (PLoS),20_Buller_2023_Science,"['Richard A. Stein', 'Hassane S. Mchaourab']",PLOS Computational Biology
10.1126/science.abk1603,2,Design & Engineering,paper_only,0.51,10.1126/science.abk1603,Stereodivergent atom-transfer radical cyclization by engineered cytochromes P450,2021,Stereodivergent atom-transfer radical cyclization by engineered cytochromes P450 Qi Zhou 0000-0003-0577-1595 Michael Chin 0000-0002-8943-7262 Yue Fu Peng Liu 0000-0002-8188-632X Yang Yang 0000-0002-4956-2034 10.1126/science.abk1603 Science Science 0036-8075 1095-9203 374 6575 2021 American Association for the Advancement of Science (AAAS),20_Buller_2023_Science,"['Qi Zhou', 'Yang Yang']",Science
10.1126/science.abk1603,6,Cofactor & Energy Management,paper_only,0.51,10.1126/science.abk1603,Stereodivergent atom-transfer radical cyclization by engineered cytochromes P450,2021,Stereodivergent atom-transfer radical cyclization by engineered cytochromes P450 Qi Zhou 0000-0003-0577-1595 Michael Chin 0000-0002-8943-7262 Yue Fu Peng Liu 0000-0002-8188-632X Yang Yang 0000-0002-4956-2034 10.1126/science.abk1603 Science Science 0036-8075 1095-9203 374 6575 2021 American Association for the Advancement of Science (AAAS),20_Buller_2023_Science,"['Qi Zhou', 'Yang Yang']",Science
10.1126/science.adg2420,6,Cofactor & Energy Management,paper_only,1,10.1126/science.adg2420,Stereoselective amino acid synthesis by synergistic photoredox-pyridoxal radical biocatalysis,2023,Stereoselective amino acid synthesis by synergistic photoredox-pyridoxal radical biocatalysis Lei Cheng 0000-0002-2473-6827 Dian Li Binh Khanh Mai 0000-0001-8487-1417 Zhiyu Bo Lida Cheng 0009-0009-7968-5105 Peng Liu 0000-0002-8188-632X Yang Yang 0000-0002-4956-2034 10.1126/science.adg2420 Science Science 0036-8075 1095-9203 381 6656 2023 American Association for the Advancement of Science (AAAS),20_Buller_2023_Science,"['Lei Cheng', 'Yang Yang']",Science
10.1021/acscatal.9b02272,6,Cofactor & Energy Management,paper_only,0.65,10.1021/acscatal.9b02272,Stereoselective Cyclopropanation of Electron-Deficient Olefins with a Cofactor Redesigned Carbene Transferase Featuring Radical Reactivity,2019,Stereoselective Cyclopropanation of Electron-Deficient Olefins with a Cofactor Redesigned Carbene Transferase Featuring Radical Reactivity Daniela M Carminati Rudi Fasan 0000-0003-4636-9578 10.1021/acscatal.9b02272 ACS Catalysis ACS Catal. 2155-5435 9 10 2019 American Chemical Society (ACS),20_Buller_2023_Science,"['Daniela M. Carminati', 'Rudi Fasan']",ACS Catalysis
10.1002/wcms.1502,2,Design & Engineering,paper_only,0.606,10.1002/wcms.1502,The challenge of predicting distal active site mutations in computational enzyme design,2021,The challenge of predicting distal active site mutations in computational enzyme design Sílvia Osuna 0000-0003-3657-6469 10.1002/wcms.1502 WIREs Computational Molecular Science WIREs Comput Mol Sci 1759-0876 1759-0884 11 3 1502 2021 Wiley,20_Buller_2023_Science,['Sílvia Osuna'],WIREs Computational Molecular Science
10.1021/acs.chemrev.2c00910,7,Cascade & Route Design,paper_only,1,10.1021/acs.chemrev.2c00910,Ultrahigh-Throughput Enzyme Engineering and Discovery in <i>In Vitro</i> Compartments,2023,Ultrahigh-Throughput Enzyme Engineering and Discovery in <i>In Vitro</i> Compartments Maximilian Gantz Stefanie Neun 0000-0002-2469-6984 Elliot J Medcalf Liisa D Van Vliet Florian Hollfelder 0000-0002-1367-6312 10.1021/acs.chemrev.2c00910 Chemical Reviews Chem. Rev. 0009-2665 1520-6890 123 9 2023 American Chemical Society (ACS) pmid,20_Buller_2023_Science,"['Maximilian Gantz', 'Florian Hollfelder']",Chemical Reviews
10.1002/anie.202216220,6,Cofactor & Energy Management,paper_only,0.547,10.1002/anie.202216220,Urethanases for the Enzymatic Hydrolysis of Low Molecular Weight Carbamates and the Recycling of Polyurethanes,2023,Urethanases for the Enzymatic Hydrolysis of Low Molecular Weight Carbamates and the Recycling of Polyurethanes Yannick Branson Simone Söltl Carolin Buchmann Ren Wei Lena Schaffert Christoffel P S Badenhorst 0000-0002-5874-4577 Lukas Reisky Gernot Jäger Uwe T Bornscheuer 0000-0003-0685-2696 10.1002/anie.202216220 Angewandte Chemie International Edition Angew Chem Int Ed 1433-7851 1521-3773 62 9 36591907 2023 Wiley,20_Buller_2023_Science,"['Yannick Branson', 'Uwe T. Bornscheuer']",Angewandte Chemie International Edition